user,date_reg
user_0,2023-01-01
user_1,2023-01-01
user_10,2023-01-01
user_2,2023-01-01
user_3,2023-01-01
user_4,2023-01-01
user_5,2023-01-01
user_6,2023-01-01
user_7,2023-01-01
user_8,2023-01-01
user_9,2023-01-01
user_11,2023-01-02
user_12,2023-01-02
user_13,2023-01-02
user_14,2023-01-02
user_15,2023-01-02
user_16,2023-01-02
user_17,2023-01-02
user_18,2023-01-02
user_19,2023-01-02
user_20,2023-01-02
user_21,2023-01-02
user_22,2023-01-03
user_23,2023-01-03
user_24,2023-01-03
user_25,2023-01-03
user_26,2023-01-03
user_27,2023-01-03
user_28,2023-01-03
user_29,2023-01-03
user_30,2023-01-03
user_31,2023-01-03
user_32,2023-01-03
user_33,2023-01-03
user_34,2023-01-04
user_35,2023-01-04
user_36,2023-01-04
user_37,2023-01-04
user_38,2023-01-04
user_39,2023-01-04
user_40,2023-01-04
user_41,2023-01-04
user_42,2023-01-04
user_43,2023-01-04
user_44,2023-01-04
user_45,2023-01-04
user_46,2023-01-04
user_47,2023-01-05
user_48,2023-01-05
user_49,2023-01-05
user_50,2023-01-05
user_51,2023-01-05
user_52,2023-01-05
user_53,2023-01-05
user_54,2023-01-05
user_55,2023-01-05
user_56,2023-01-05
user_57,2023-01-06
user_58,2023-01-06
user_59,2023-01-06
user_60,2023-01-06
user_61,2023-01-06
user_62,2023-01-06
user_63,2023-01-06
user_64,2023-01-06
user_65,2023-01-06
user_66,2023-01-06
user_67,2023-01-06
user_68,2023-01-06
user_69,2023-01-06
user_70,2023-01-07
user_71,2023-01-07
user_72,2023-01-07
user_73,2023-01-07
user_74,2023-01-07
user_75,2023-01-07
user_76,2023-01-07
user_77,2023-01-07
user_78,2023-01-07
user_79,2023-01-07
user_80,2023-01-07
user_81,2023-01-08
user_82,2023-01-08
user_83,2023-01-08
user_84,2023-01-08
user_85,2023-01-08
user_86,2023-01-08
user_87,2023-01-08
user_88,2023-01-08
user_89,2023-01-08
user_90,2023-01-08
user_91,2023-01-08
user_92,2023-01-08
user_93,2023-01-08
user_94,2023-01-08
user_100,2023-01-09
user_101,2023-01-09
user_102,2023-01-09
user_103,2023-01-09
user_104,2023-01-09
user_105,2023-01-09
user_106,2023-01-09
user_107,2023-01-09
user_108,2023-01-09
user_95,2023-01-09
user_96,2023-01-09
user_97,2023-01-09
user_98,2023-01-09
user_99,2023-01-09
user_109,2023-01-10
user_110,2023-01-10
user_111,2023-01-10
user_112,2023-01-10
user_113,2023-01-10
user_114,2023-01-10
user_115,2023-01-10
user_116,2023-01-10
user_117,2023-01-10
user_118,2023-01-10
user_119,2023-01-11
user_120,2023-01-11
user_121,2023-01-11
user_122,2023-01-11
user_123,2023-01-11
user_124,2023-01-11
user_125,2023-01-11
user_126,2023-01-11
user_127,2023-01-11
user_128,2023-01-11
user_129,2023-01-11
user_130,2023-01-11
user_131,2023-01-11
user_132,2023-01-11
user_133,2023-01-12
user_134,2023-01-12
user_135,2023-01-12
user_136,2023-01-12
user_137,2023-01-12
user_138,2023-01-12
user_139,2023-01-12
user_140,2023-01-12
user_141,2023-01-12
user_142,2023-01-12
user_143,2023-01-12
user_144,2023-01-12
user_145,2023-01-12
user_146,2023-01-13
user_147,2023-01-13
user_148,2023-01-13
user_149,2023-01-13
user_150,2023-01-13
user_151,2023-01-13
user_152,2023-01-13
user_153,2023-01-13
user_154,2023-01-13
user_155,2023-01-13
user_156,2023-01-13
user_157,2023-01-13
user_158,2023-01-13
user_159,2023-01-14
user_160,2023-01-14
user_161,2023-01-14
user_162,2023-01-14
user_163,2023-01-14
user_164,2023-01-14
user_165,2023-01-14
user_166,2023-01-14
user_167,2023-01-14
user_168,2023-01-14
user_169,2023-01-14
user_170,2023-01-15
user_171,2023-01-15
user_172,2023-01-15
user_173,2023-01-15
user_174,2023-01-15
user_175,2023-01-15
user_176,2023-01-15
user_177,2023-01-15
user_178,2023-01-15
user_179,2023-01-15
user_180,2023-01-15
user_181,2023-01-15
user_182,2023-01-16
user_183,2023-01-16
user_184,2023-01-16
user_185,2023-01-16
user_186,2023-01-16
user_187,2023-01-16
user_188,2023-01-16
user_189,2023-01-16
user_190,2023-01-16
user_191,2023-01-16
user_192,2023-01-16
user_193,2023-01-17
user_194,2023-01-17
user_195,2023-01-17
user_196,2023-01-17
user_197,2023-01-17
user_198,2023-01-17
user_199,2023-01-17
user_200,2023-01-17
user_201,2023-01-17
user_202,2023-01-17
user_203,2023-01-17
user_204,2023-01-17
user_205,2023-01-17
user_206,2023-01-17
user_207,2023-01-18
user_208,2023-01-18
user_209,2023-01-18
user_210,2023-01-18
user_211,2023-01-18
user_212,2023-01-18
user_213,2023-01-18
user_214,2023-01-18
user_215,2023-01-18
user_216,2023-01-18
user_217,2023-01-18
user_218,2023-01-18
user_219,2023-01-19
user_220,2023-01-19
user_221,2023-01-19
user_222,2023-01-19
user_223,2023-01-19
user_224,2023-01-19
user_225,2023-01-19
user_226,2023-01-19
user_227,2023-01-19
user_228,2023-01-19
user_229,2023-01-19
user_230,2023-01-20
user_231,2023-01-20
user_232,2023-01-20
user_233,2023-01-20
user_234,2023-01-20
user_235,2023-01-20
user_236,2023-01-20
user_237,2023-01-20
user_238,2023-01-20
user_239,2023-01-20
user_240,2023-01-20
user_241,2023-01-20
user_242,2023-01-21
user_243,2023-01-21
user_244,2023-01-21
user_245,2023-01-21
user_246,2023-01-21
user_247,2023-01-21
user_248,2023-01-21
user_249,2023-01-21
user_250,2023-01-21
user_251,2023-01-21
user_252,2023-01-21
user_253,2023-01-21
user_254,2023-01-21
user_255,2023-01-22
user_256,2023-01-22
user_257,2023-01-22
user_258,2023-01-22
user_259,2023-01-22
user_260,2023-01-22
user_261,2023-01-22
user_262,2023-01-22
user_263,2023-01-22
user_264,2023-01-22
user_265,2023-01-22
user_266,2023-01-22
user_267,2023-01-22
user_268,2023-01-23
user_269,2023-01-23
user_270,2023-01-23
user_271,2023-01-23
user_272,2023-01-23
user_273,2023-01-23
user_274,2023-01-23
user_275,2023-01-23
user_276,2023-01-23
user_277,2023-01-23
user_278,2023-01-23
user_279,2023-01-23
user_280,2023-01-23
user_281,2023-01-24
user_282,2023-01-24
user_283,2023-01-24
user_284,2023-01-24
user_285,2023-01-24
user_286,2023-01-24
user_287,2023-01-24
user_288,2023-01-24
user_289,2023-01-24
user_290,2023-01-24
user_291,2023-01-25
user_292,2023-01-25
user_293,2023-01-25
user_294,2023-01-25
user_295,2023-01-25
user_296,2023-01-25
user_297,2023-01-25
user_298,2023-01-25
user_299,2023-01-25
user_300,2023-01-25
user_301,2023-01-26
user_302,2023-01-26
user_303,2023-01-26
user_304,2023-01-26
user_305,2023-01-26
user_306,2023-01-26
user_307,2023-01-26
user_308,2023-01-26
user_309,2023-01-26
user_310,2023-01-26
user_311,2023-01-27
user_312,2023-01-27
user_313,2023-01-27
user_314,2023-01-27
user_315,2023-01-27
user_316,2023-01-27
user_317,2023-01-27
user_318,2023-01-27
user_319,2023-01-27
user_320,2023-01-27
user_321,2023-01-28
user_322,2023-01-28
user_323,2023-01-28
user_324,2023-01-28
user_325,2023-01-28
user_326,2023-01-28
user_327,2023-01-28
user_328,2023-01-28
user_329,2023-01-28
user_330,2023-01-28
user_331,2023-01-28
user_332,2023-01-28
user_333,2023-01-28
user_334,2023-01-29
user_335,2023-01-29
user_336,2023-01-29
user_337,2023-01-29
user_338,2023-01-29
user_339,2023-01-29
user_340,2023-01-29
user_341,2023-01-29
user_342,2023-01-29
user_343,2023-01-29
user_344,2023-01-29
user_345,2023-01-29
user_346,2023-01-30
user_347,2023-01-30
user_348,2023-01-30
user_349,2023-01-30
user_350,2023-01-30
user_351,2023-01-30
user_352,2023-01-30
user_353,2023-01-30
user_354,2023-01-30
user_355,2023-01-30
user_356,2023-01-30
user_357,2023-01-30
user_358,2023-01-30
user_359,2023-01-30
user_360,2023-01-31
user_361,2023-01-31
user_362,2023-01-31
user_363,2023-01-31
user_364,2023-01-31
user_365,2023-01-31
user_366,2023-01-31
user_367,2023-01-31
user_368,2023-01-31
user_369,2023-01-31
user_370,2023-01-31
user_371,2023-01-31
user_372,2023-01-31
user_373,2023-01-31
user_374,2023-02-01
user_375,2023-02-01
user_376,2023-02-01
user_377,2023-02-01
user_378,2023-02-01
user_379,2023-02-01
user_380,2023-02-01
user_381,2023-02-01
user_382,2023-02-01
user_383,2023-02-01
user_384,2023-02-01
user_385,2023-02-01
user_386,2023-02-01
user_387,2023-02-01
user_388,2023-02-02
user_389,2023-02-02
user_390,2023-02-02
user_391,2023-02-02
user_392,2023-02-02
user_393,2023-02-02
user_394,2023-02-02
user_395,2023-02-02
user_396,2023-02-02
user_397,2023-02-02
user_398,2023-02-02
user_399,2023-02-02
user_400,2023-02-02
user_401,2023-02-03
user_402,2023-02-03
user_403,2023-02-03
user_404,2023-02-03
user_405,2023-02-03
user_406,2023-02-03
user_407,2023-02-03
user_408,2023-02-03
user_409,2023-02-03
user_410,2023-02-03
user_411,2023-02-03
user_412,2023-02-03
user_413,2023-02-03
user_414,2023-02-03
user_415,2023-02-04
user_416,2023-02-04
user_417,2023-02-04
user_418,2023-02-04
user_419,2023-02-04
user_420,2023-02-04
user_421,2023-02-04
user_422,2023-02-04
user_423,2023-02-04
user_424,2023-02-04
user_425,2023-02-05
user_426,2023-02-05
user_427,2023-02-05
user_428,2023-02-05
user_429,2023-02-05
user_430,2023-02-05
user_431,2023-02-05
user_432,2023-02-05
user_433,2023-02-05
user_434,2023-02-05
user_435,2023-02-06
user_436,2023-02-06
user_437,2023-02-06
user_438,2023-02-06
user_439,2023-02-06
user_440,2023-02-06
user_441,2023-02-06
user_442,2023-02-06
user_443,2023-02-06
user_444,2023-02-06
user_445,2023-02-06
user_446,2023-02-07
user_447,2023-02-07
user_448,2023-02-07
user_449,2023-02-07
user_450,2023-02-07
user_451,2023-02-07
user_452,2023-02-07
user_453,2023-02-07
user_454,2023-02-07
user_455,2023-02-07
user_456,2023-02-07
user_457,2023-02-07
user_458,2023-02-07
user_459,2023-02-07
user_460,2023-02-08
user_461,2023-02-08
user_462,2023-02-08
user_463,2023-02-08
user_464,2023-02-08
user_465,2023-02-08
user_466,2023-02-08
user_467,2023-02-08
user_468,2023-02-08
user_469,2023-02-08
user_470,2023-02-08
user_471,2023-02-08
user_472,2023-02-08
user_473,2023-02-08
user_474,2023-02-09
user_475,2023-02-09
user_476,2023-02-09
user_477,2023-02-09
user_478,2023-02-09
user_479,2023-02-09
user_480,2023-02-09
user_481,2023-02-09
user_482,2023-02-09
user_483,2023-02-09
user_484,2023-02-09
user_485,2023-02-09
user_486,2023-02-09
user_487,2023-02-10
user_488,2023-02-10
user_489,2023-02-10
user_490,2023-02-10
user_491,2023-02-10
user_492,2023-02-10
user_493,2023-02-10
user_494,2023-02-10
user_495,2023-02-10
user_496,2023-02-10
user_497,2023-02-10
user_498,2023-02-10
user_499,2023-02-10
user_500,2023-02-10
user_501,2023-02-11
user_502,2023-02-11
user_503,2023-02-11
user_504,2023-02-11
user_505,2023-02-11
user_506,2023-02-11
user_507,2023-02-11
user_508,2023-02-11
user_509,2023-02-11
user_510,2023-02-11
user_511,2023-02-11
user_512,2023-02-11
user_513,2023-02-12
user_514,2023-02-12
user_515,2023-02-12
user_516,2023-02-12
user_517,2023-02-12
user_518,2023-02-12
user_519,2023-02-12
user_520,2023-02-12
user_521,2023-02-12
user_522,2023-02-12
user_523,2023-02-13
user_524,2023-02-13
user_525,2023-02-13
user_526,2023-02-13
user_527,2023-02-13
user_528,2023-02-13
user_529,2023-02-13
user_530,2023-02-13
user_531,2023-02-13
user_532,2023-02-13
user_533,2023-02-13
user_534,2023-02-14
user_535,2023-02-14
user_536,2023-02-14
user_537,2023-02-14
user_538,2023-02-14
user_539,2023-02-14
user_540,2023-02-14
user_541,2023-02-14
user_542,2023-02-14
user_543,2023-02-14
user_544,2023-02-14
user_545,2023-02-14
user_546,2023-02-15
user_547,2023-02-15
user_548,2023-02-15
user_549,2023-02-15
user_550,2023-02-15
user_551,2023-02-15
user_552,2023-02-15
user_553,2023-02-15
user_554,2023-02-15
user_555,2023-02-15
user_556,2023-02-16
user_557,2023-02-16
user_558,2023-02-16
user_559,2023-02-16
user_560,2023-02-16
user_561,2023-02-16
user_562,2023-02-16
user_563,2023-02-16
user_564,2023-02-16
user_565,2023-02-16
user_566,2023-02-16
user_567,2023-02-16
user_568,2023-02-16
user_569,2023-02-16
user_570,2023-02-17
user_571,2023-02-17
user_572,2023-02-17
user_573,2023-02-17
user_574,2023-02-17
user_575,2023-02-17
user_576,2023-02-17
user_577,2023-02-17
user_578,2023-02-17
user_579,2023-02-17
user_580,2023-02-17
user_581,2023-02-17
user_582,2023-02-17
user_583,2023-02-17
user_584,2023-02-18
user_585,2023-02-18
user_586,2023-02-18
user_587,2023-02-18
user_588,2023-02-18
user_589,2023-02-18
user_590,2023-02-18
user_591,2023-02-18
user_592,2023-02-18
user_593,2023-02-18
user_594,2023-02-18
user_595,2023-02-19
user_596,2023-02-19
user_597,2023-02-19
user_598,2023-02-19
user_599,2023-02-19
user_600,2023-02-19
user_601,2023-02-19
user_602,2023-02-19
user_603,2023-02-19
user_604,2023-02-19
user_605,2023-02-20
user_606,2023-02-20
user_607,2023-02-20
user_608,2023-02-20
user_609,2023-02-20
user_610,2023-02-20
user_611,2023-02-20
user_612,2023-02-20
user_613,2023-02-20
user_614,2023-02-20
user_615,2023-02-20
user_616,2023-02-20
user_617,2023-02-20
user_618,2023-02-20
user_619,2023-02-21
user_620,2023-02-21
user_621,2023-02-21
user_622,2023-02-21
user_623,2023-02-21
user_624,2023-02-21
user_625,2023-02-21
user_626,2023-02-21
user_627,2023-02-21
user_628,2023-02-21
user_629,2023-02-21
user_630,2023-02-21
user_631,2023-02-22
user_632,2023-02-22
user_633,2023-02-22
user_634,2023-02-22
user_635,2023-02-22
user_636,2023-02-22
user_637,2023-02-22
user_638,2023-02-22
user_639,2023-02-22
user_640,2023-02-22
user_641,2023-02-22
user_642,2023-02-22
user_643,2023-02-23
user_644,2023-02-23
user_645,2023-02-23
user_646,2023-02-23
user_647,2023-02-23
user_648,2023-02-23
user_649,2023-02-23
user_650,2023-02-23
user_651,2023-02-23
user_652,2023-02-23
user_653,2023-02-23
user_654,2023-02-23
user_655,2023-02-23
user_656,2023-02-24
user_657,2023-02-24
user_658,2023-02-24
user_659,2023-02-24
user_660,2023-02-24
user_661,2023-02-24
user_662,2023-02-24
user_663,2023-02-24
user_664,2023-02-24
user_665,2023-02-24
user_666,2023-02-24
user_667,2023-02-24
user_668,2023-02-24
user_669,2023-02-25
user_670,2023-02-25
user_671,2023-02-25
user_672,2023-02-25
user_673,2023-02-25
user_674,2023-02-25
user_675,2023-02-25
user_676,2023-02-25
user_677,2023-02-25
user_678,2023-02-25
user_679,2023-02-25
user_680,2023-02-25
user_681,2023-02-26
user_682,2023-02-26
user_683,2023-02-26
user_684,2023-02-26
user_685,2023-02-26
user_686,2023-02-26
user_687,2023-02-26
user_688,2023-02-26
user_689,2023-02-26
user_690,2023-02-26
user_691,2023-02-26
user_692,2023-02-26
user_693,2023-02-26
user_694,2023-02-26
user_695,2023-02-27
user_696,2023-02-27
user_697,2023-02-27
user_698,2023-02-27
user_699,2023-02-27
user_700,2023-02-27
user_701,2023-02-27
user_702,2023-02-27
user_703,2023-02-27
user_704,2023-02-27
user_705,2023-02-27
user_706,2023-02-27
user_707,2023-02-27
user_708,2023-02-28
user_709,2023-02-28
user_710,2023-02-28
user_711,2023-02-28
user_712,2023-02-28
user_713,2023-02-28
user_714,2023-02-28
user_715,2023-02-28
user_716,2023-02-28
user_717,2023-02-28
user_718,2023-02-28
user_719,2023-03-01
user_720,2023-03-01
user_721,2023-03-01
user_722,2023-03-01
user_723,2023-03-01
user_724,2023-03-01
user_725,2023-03-01
user_726,2023-03-01
user_727,2023-03-01
user_728,2023-03-01
user_729,2023-03-01
user_730,2023-03-01
user_731,2023-03-02
user_732,2023-03-02
user_733,2023-03-02
user_734,2023-03-02
user_735,2023-03-02
user_736,2023-03-02
user_737,2023-03-02
user_738,2023-03-02
user_739,2023-03-02
user_740,2023-03-02
user_741,2023-03-02
user_742,2023-03-02
user_743,2023-03-03
user_744,2023-03-03
user_745,2023-03-03
user_746,2023-03-03
user_747,2023-03-03
user_748,2023-03-03
user_749,2023-03-03
user_750,2023-03-03
user_751,2023-03-03
user_752,2023-03-03
user_753,2023-03-04
user_754,2023-03-04
user_755,2023-03-04
user_756,2023-03-04
user_757,2023-03-04
user_758,2023-03-04
user_759,2023-03-04
user_760,2023-03-04
user_761,2023-03-04
user_762,2023-03-04
user_763,2023-03-04
user_764,2023-03-04
user_765,2023-03-04
user_766,2023-03-04
user_767,2023-03-05
user_768,2023-03-05
user_769,2023-03-05
user_770,2023-03-05
user_771,2023-03-05
user_772,2023-03-05
user_773,2023-03-05
user_774,2023-03-05
user_775,2023-03-05
user_776,2023-03-05
user_777,2023-03-05
user_778,2023-03-05
user_779,2023-03-05
user_780,2023-03-06
user_781,2023-03-06
user_782,2023-03-06
user_783,2023-03-06
user_784,2023-03-06
user_785,2023-03-06
user_786,2023-03-06
user_787,2023-03-06
user_788,2023-03-06
user_789,2023-03-06
user_790,2023-03-06
user_791,2023-03-06
user_792,2023-03-06
user_793,2023-03-06
user_794,2023-03-07
user_795,2023-03-07
user_796,2023-03-07
user_797,2023-03-07
user_798,2023-03-07
user_799,2023-03-07
user_800,2023-03-07
user_801,2023-03-07
user_802,2023-03-07
user_803,2023-03-07
user_804,2023-03-07
user_805,2023-03-08
user_806,2023-03-08
user_807,2023-03-08
user_808,2023-03-08
user_809,2023-03-08
user_810,2023-03-08
user_811,2023-03-08
user_812,2023-03-08
user_813,2023-03-08
user_814,2023-03-08
user_815,2023-03-09
user_816,2023-03-09
user_817,2023-03-09
user_818,2023-03-09
user_819,2023-03-09
user_820,2023-03-09
user_821,2023-03-09
user_822,2023-03-09
user_823,2023-03-09
user_824,2023-03-09
user_825,2023-03-09
user_826,2023-03-09
user_827,2023-03-10
user_828,2023-03-10
user_829,2023-03-10
user_830,2023-03-10
user_831,2023-03-10
user_832,2023-03-10
user_833,2023-03-10
user_834,2023-03-10
user_835,2023-03-10
user_836,2023-03-10
user_837,2023-03-10
user_838,2023-03-11
user_839,2023-03-11
user_840,2023-03-11
user_841,2023-03-11
user_842,2023-03-11
user_843,2023-03-11
user_844,2023-03-11
user_845,2023-03-11
user_846,2023-03-11
user_847,2023-03-11
user_848,2023-03-11
user_849,2023-03-11
user_850,2023-03-12
user_851,2023-03-12
user_852,2023-03-12
user_853,2023-03-12
user_854,2023-03-12
user_855,2023-03-12
user_856,2023-03-12
user_857,2023-03-12
user_858,2023-03-12
user_859,2023-03-12
user_860,2023-03-12
user_861,2023-03-12
user_862,2023-03-12
user_863,2023-03-12
user_864,2023-03-13
user_865,2023-03-13
user_866,2023-03-13
user_867,2023-03-13
user_868,2023-03-13
user_869,2023-03-13
user_870,2023-03-13
user_871,2023-03-13
user_872,2023-03-13
user_873,2023-03-13
user_874,2023-03-13
user_875,2023-03-13
user_876,2023-03-13
user_877,2023-03-13
user_878,2023-03-14
user_879,2023-03-14
user_880,2023-03-14
user_881,2023-03-14
user_882,2023-03-14
user_883,2023-03-14
user_884,2023-03-14
user_885,2023-03-14
user_886,2023-03-14
user_887,2023-03-14
user_888,2023-03-14
user_889,2023-03-14
user_890,2023-03-15
user_891,2023-03-15
user_892,2023-03-15
user_893,2023-03-15
user_894,2023-03-15
user_895,2023-03-15
user_896,2023-03-15
user_897,2023-03-15
user_898,2023-03-15
user_899,2023-03-15
user_900,2023-03-15
user_901,2023-03-15
user_902,2023-03-15
user_903,2023-03-15
user_904,2023-03-16
user_905,2023-03-16
user_906,2023-03-16
user_907,2023-03-16
user_908,2023-03-16
user_909,2023-03-16
user_910,2023-03-16
user_911,2023-03-16
user_912,2023-03-16
user_913,2023-03-16
user_914,2023-03-16
user_915,2023-03-16
user_916,2023-03-16
user_917,2023-03-16
user_918,2023-03-17
user_919,2023-03-17
user_920,2023-03-17
user_921,2023-03-17
user_922,2023-03-17
user_923,2023-03-17
user_924,2023-03-17
user_925,2023-03-17
user_926,2023-03-17
user_927,2023-03-17
user_928,2023-03-17
user_929,2023-03-17
user_930,2023-03-17
user_931,2023-03-17
user_932,2023-03-18
user_933,2023-03-18
user_934,2023-03-18
user_935,2023-03-18
user_936,2023-03-18
user_937,2023-03-18
user_938,2023-03-18
user_939,2023-03-18
user_940,2023-03-18
user_941,2023-03-18
user_942,2023-03-19
user_943,2023-03-19
user_944,2023-03-19
user_945,2023-03-19
user_946,2023-03-19
user_947,2023-03-19
user_948,2023-03-19
user_949,2023-03-19
user_950,2023-03-19
user_951,2023-03-19
user_952,2023-03-19
user_953,2023-03-19
user_954,2023-03-19
user_955,2023-03-20
user_956,2023-03-20
user_957,2023-03-20
user_958,2023-03-20
user_959,2023-03-20
user_960,2023-03-20
user_961,2023-03-20
user_962,2023-03-20
user_963,2023-03-20
user_964,2023-03-20
user_965,2023-03-20
user_966,2023-03-21
user_967,2023-03-21
user_968,2023-03-21
user_969,2023-03-21
user_970,2023-03-21
user_971,2023-03-21
user_972,2023-03-21
user_973,2023-03-21
user_974,2023-03-21
user_975,2023-03-21
user_976,2023-03-21
user_977,2023-03-21
user_978,2023-03-21
user_979,2023-03-21
user_980,2023-03-22
user_981,2023-03-22
user_982,2023-03-22
user_983,2023-03-22
user_984,2023-03-22
user_985,2023-03-22
user_986,2023-03-22
user_987,2023-03-22
user_988,2023-03-22
user_989,2023-03-22
user_990,2023-03-22
user_991,2023-03-22
user_992,2023-03-22
user_993,2023-03-22
user_1000,2023-03-23
user_1001,2023-03-23
user_1002,2023-03-23
user_1003,2023-03-23
user_1004,2023-03-23
user_1005,2023-03-23
user_994,2023-03-23
user_995,2023-03-23
user_996,2023-03-23
user_997,2023-03-23
user_998,2023-03-23
user_999,2023-03-23
user_1006,2023-03-24
user_1007,2023-03-24
user_1008,2023-03-24
user_1009,2023-03-24
user_1010,2023-03-24
user_1011,2023-03-24
user_1012,2023-03-24
user_1013,2023-03-24
user_1014,2023-03-24
user_1015,2023-03-24
user_1016,2023-03-24
user_1017,2023-03-24
user_1018,2023-03-25
user_1019,2023-03-25
user_1020,2023-03-25
user_1021,2023-03-25
user_1022,2023-03-25
user_1023,2023-03-25
user_1024,2023-03-25
user_1025,2023-03-25
user_1026,2023-03-25
user_1027,2023-03-25
user_1028,2023-03-26
user_1029,2023-03-26
user_1030,2023-03-26
user_1031,2023-03-26
user_1032,2023-03-26
user_1033,2023-03-26
user_1034,2023-03-26
user_1035,2023-03-26
user_1036,2023-03-26
user_1037,2023-03-26
user_1038,2023-03-26
user_1039,2023-03-26
user_1040,2023-03-26
user_1041,2023-03-26
user_1042,2023-03-27
user_1043,2023-03-27
user_1044,2023-03-27
user_1045,2023-03-27
user_1046,2023-03-27
user_1047,2023-03-27
user_1048,2023-03-27
user_1049,2023-03-27
user_1050,2023-03-27
user_1051,2023-03-27
user_1052,2023-03-27
user_1053,2023-03-27
user_1054,2023-03-27
user_1055,2023-03-27
user_1056,2023-03-28
user_1057,2023-03-28
user_1058,2023-03-28
user_1059,2023-03-28
user_1060,2023-03-28
user_1061,2023-03-28
user_1062,2023-03-28
user_1063,2023-03-28
user_1064,2023-03-28
user_1065,2023-03-28
user_1066,2023-03-29
user_1067,2023-03-29
user_1068,2023-03-29
user_1069,2023-03-29
user_1070,2023-03-29
user_1071,2023-03-29
user_1072,2023-03-29
user_1073,2023-03-29
user_1074,2023-03-29
user_1075,2023-03-29
user_1076,2023-03-29
user_1077,2023-03-29
user_1078,2023-03-29
user_1079,2023-03-29
user_1080,2023-03-30
user_1081,2023-03-30
user_1082,2023-03-30
user_1083,2023-03-30
user_1084,2023-03-30
user_1085,2023-03-30
user_1086,2023-03-30
user_1087,2023-03-30
user_1088,2023-03-30
user_1089,2023-03-30
user_1090,2023-03-30
user_1091,2023-03-30
user_1092,2023-03-31
user_1093,2023-03-31
user_1094,2023-03-31
user_1095,2023-03-31
user_1096,2023-03-31
user_1097,2023-03-31
user_1098,2023-03-31
user_1099,2023-03-31
user_1100,2023-03-31
user_1101,2023-03-31
user_1102,2023-03-31
user_1103,2023-03-31
user_1104,2023-03-31
user_1105,2023-04-01
user_1106,2023-04-01
user_1107,2023-04-01
user_1108,2023-04-01
user_1109,2023-04-01
user_1110,2023-04-01
user_1111,2023-04-01
user_1112,2023-04-01
user_1113,2023-04-01
user_1114,2023-04-01
user_1115,2023-04-01
user_1116,2023-04-01
user_1117,2023-04-01
user_1118,2023-04-01
user_1119,2023-04-02
user_1120,2023-04-02
user_1121,2023-04-02
user_1122,2023-04-02
user_1123,2023-04-02
user_1124,2023-04-02
user_1125,2023-04-02
user_1126,2023-04-02
user_1127,2023-04-02
user_1128,2023-04-02
user_1129,2023-04-02
user_1130,2023-04-02
user_1131,2023-04-03
user_1132,2023-04-03
user_1133,2023-04-03
user_1134,2023-04-03
user_1135,2023-04-03
user_1136,2023-04-03
user_1137,2023-04-03
user_1138,2023-04-03
user_1139,2023-04-03
user_1140,2023-04-03
user_1141,2023-04-03
user_1142,2023-04-03
user_1143,2023-04-03
user_1144,2023-04-03
user_1145,2023-04-04
user_1146,2023-04-04
user_1147,2023-04-04
user_1148,2023-04-04
user_1149,2023-04-04
user_1150,2023-04-04
user_1151,2023-04-04
user_1152,2023-04-04
user_1153,2023-04-04
user_1154,2023-04-04
user_1155,2023-04-04
user_1156,2023-04-04
user_1157,2023-04-04
user_1158,2023-04-04
user_1159,2023-04-05
user_1160,2023-04-05
user_1161,2023-04-05
user_1162,2023-04-05
user_1163,2023-04-05
user_1164,2023-04-05
user_1165,2023-04-05
user_1166,2023-04-05
user_1167,2023-04-05
user_1168,2023-04-05
user_1169,2023-04-05
user_1170,2023-04-06
user_1171,2023-04-06
user_1172,2023-04-06
user_1173,2023-04-06
user_1174,2023-04-06
user_1175,2023-04-06
user_1176,2023-04-06
user_1177,2023-04-06
user_1178,2023-04-06
user_1179,2023-04-06
user_1180,2023-04-06
user_1181,2023-04-06
user_1182,2023-04-06
user_1183,2023-04-06
user_1184,2023-04-07
user_1185,2023-04-07
user_1186,2023-04-07
user_1187,2023-04-07
user_1188,2023-04-07
user_1189,2023-04-07
user_1190,2023-04-07
user_1191,2023-04-07
user_1192,2023-04-07
user_1193,2023-04-07
user_1194,2023-04-07
user_1195,2023-04-08
user_1196,2023-04-08
user_1197,2023-04-08
user_1198,2023-04-08
user_1199,2023-04-08
user_1200,2023-04-08
user_1201,2023-04-08
user_1202,2023-04-08
user_1203,2023-04-08
user_1204,2023-04-08
user_1205,2023-04-08
user_1206,2023-04-08
user_1207,2023-04-08
user_1208,2023-04-08
user_1209,2023-04-09
user_1210,2023-04-09
user_1211,2023-04-09
user_1212,2023-04-09
user_1213,2023-04-09
user_1214,2023-04-09
user_1215,2023-04-09
user_1216,2023-04-09
user_1217,2023-04-09
user_1218,2023-04-09
user_1219,2023-04-09
user_1220,2023-04-09
user_1221,2023-04-09
user_1222,2023-04-09
user_1223,2023-04-10
user_1224,2023-04-10
user_1225,2023-04-10
user_1226,2023-04-10
user_1227,2023-04-10
user_1228,2023-04-10
user_1229,2023-04-10
user_1230,2023-04-10
user_1231,2023-04-10
user_1232,2023-04-10
user_1233,2023-04-10
user_1234,2023-04-10
user_1235,2023-04-10
user_1236,2023-04-11
user_1237,2023-04-11
user_1238,2023-04-11
user_1239,2023-04-11
user_1240,2023-04-11
user_1241,2023-04-11
user_1242,2023-04-11
user_1243,2023-04-11
user_1244,2023-04-11
user_1245,2023-04-11
user_1246,2023-04-11
user_1247,2023-04-12
user_1248,2023-04-12
user_1249,2023-04-12
user_1250,2023-04-12
user_1251,2023-04-12
user_1252,2023-04-12
user_1253,2023-04-12
user_1254,2023-04-12
user_1255,2023-04-12
user_1256,2023-04-12
user_1257,2023-04-13
user_1258,2023-04-13
user_1259,2023-04-13
user_1260,2023-04-13
user_1261,2023-04-13
user_1262,2023-04-13
user_1263,2023-04-13
user_1264,2023-04-13
user_1265,2023-04-13
user_1266,2023-04-13
user_1267,2023-04-13
user_1268,2023-04-14
user_1269,2023-04-14
user_1270,2023-04-14
user_1271,2023-04-14
user_1272,2023-04-14
user_1273,2023-04-14
user_1274,2023-04-14
user_1275,2023-04-14
user_1276,2023-04-14
user_1277,2023-04-14
user_1278,2023-04-14
user_1279,2023-04-15
user_1280,2023-04-15
user_1281,2023-04-15
user_1282,2023-04-15
user_1283,2023-04-15
user_1284,2023-04-15
user_1285,2023-04-15
user_1286,2023-04-15
user_1287,2023-04-15
user_1288,2023-04-15
user_1289,2023-04-15
user_1290,2023-04-15
user_1291,2023-04-16
user_1292,2023-04-16
user_1293,2023-04-16
user_1294,2023-04-16
user_1295,2023-04-16
user_1296,2023-04-16
user_1297,2023-04-16
user_1298,2023-04-16
user_1299,2023-04-16
user_1300,2023-04-16
user_1301,2023-04-17
user_1302,2023-04-17
user_1303,2023-04-17
user_1304,2023-04-17
user_1305,2023-04-17
user_1306,2023-04-17
user_1307,2023-04-17
user_1308,2023-04-17
user_1309,2023-04-17
user_1310,2023-04-17
user_1311,2023-04-17
user_1312,2023-04-18
user_1313,2023-04-18
user_1314,2023-04-18
user_1315,2023-04-18
user_1316,2023-04-18
user_1317,2023-04-18
user_1318,2023-04-18
user_1319,2023-04-18
user_1320,2023-04-18
user_1321,2023-04-18
user_1322,2023-04-18
user_1323,2023-04-18
user_1324,2023-04-19
user_1325,2023-04-19
user_1326,2023-04-19
user_1327,2023-04-19
user_1328,2023-04-19
user_1329,2023-04-19
user_1330,2023-04-19
user_1331,2023-04-19
user_1332,2023-04-19
user_1333,2023-04-19
user_1334,2023-04-19
user_1335,2023-04-19
user_1336,2023-04-20
user_1337,2023-04-20
user_1338,2023-04-20
user_1339,2023-04-20
user_1340,2023-04-20
user_1341,2023-04-20
user_1342,2023-04-20
user_1343,2023-04-20
user_1344,2023-04-20
user_1345,2023-04-20
user_1346,2023-04-20
user_1347,2023-04-20
user_1348,2023-04-20
user_1349,2023-04-21
user_1350,2023-04-21
user_1351,2023-04-21
user_1352,2023-04-21
user_1353,2023-04-21
user_1354,2023-04-21
user_1355,2023-04-21
user_1356,2023-04-21
user_1357,2023-04-21
user_1358,2023-04-21
user_1359,2023-04-22
user_1360,2023-04-22
user_1361,2023-04-22
user_1362,2023-04-22
user_1363,2023-04-22
user_1364,2023-04-22
user_1365,2023-04-22
user_1366,2023-04-22
user_1367,2023-04-22
user_1368,2023-04-22
user_1369,2023-04-22
user_1370,2023-04-22
user_1371,2023-04-22
user_1372,2023-04-22
user_1373,2023-04-23
user_1374,2023-04-23
user_1375,2023-04-23
user_1376,2023-04-23
user_1377,2023-04-23
user_1378,2023-04-23
user_1379,2023-04-23
user_1380,2023-04-23
user_1381,2023-04-23
user_1382,2023-04-23
user_1383,2023-04-23
user_1384,2023-04-23
user_1385,2023-04-23
user_1386,2023-04-23
user_1387,2023-04-24
user_1388,2023-04-24
user_1389,2023-04-24
user_1390,2023-04-24
user_1391,2023-04-24
user_1392,2023-04-24
user_1393,2023-04-24
user_1394,2023-04-24
user_1395,2023-04-24
user_1396,2023-04-24
user_1397,2023-04-25
user_1398,2023-04-25
user_1399,2023-04-25
user_1400,2023-04-25
user_1401,2023-04-25
user_1402,2023-04-25
user_1403,2023-04-25
user_1404,2023-04-25
user_1405,2023-04-25
user_1406,2023-04-25
user_1407,2023-04-25
user_1408,2023-04-26
user_1409,2023-04-26
user_1410,2023-04-26
user_1411,2023-04-26
user_1412,2023-04-26
user_1413,2023-04-26
user_1414,2023-04-26
user_1415,2023-04-26
user_1416,2023-04-26
user_1417,2023-04-26
user_1418,2023-04-27
user_1419,2023-04-27
user_1420,2023-04-27
user_1421,2023-04-27
user_1422,2023-04-27
user_1423,2023-04-27
user_1424,2023-04-27
user_1425,2023-04-27
user_1426,2023-04-27
user_1427,2023-04-27
user_1428,2023-04-27
user_1429,2023-04-28
user_1430,2023-04-28
user_1431,2023-04-28
user_1432,2023-04-28
user_1433,2023-04-28
user_1434,2023-04-28
user_1435,2023-04-28
user_1436,2023-04-28
user_1437,2023-04-28
user_1438,2023-04-28
user_1439,2023-04-29
user_1440,2023-04-29
user_1441,2023-04-29
user_1442,2023-04-29
user_1443,2023-04-29
user_1444,2023-04-29
user_1445,2023-04-29
user_1446,2023-04-29
user_1447,2023-04-29
user_1448,2023-04-29
user_1449,2023-04-30
user_1450,2023-04-30
user_1451,2023-04-30
user_1452,2023-04-30
user_1453,2023-04-30
user_1454,2023-04-30
user_1455,2023-04-30
user_1456,2023-04-30
user_1457,2023-04-30
user_1458,2023-04-30
user_1459,2023-04-30
user_1460,2023-04-30
user_1461,2023-04-30
user_1462,2023-05-01
user_1463,2023-05-01
user_1464,2023-05-01
user_1465,2023-05-01
user_1466,2023-05-01
user_1467,2023-05-01
user_1468,2023-05-01
user_1469,2023-05-01
user_1470,2023-05-01
user_1471,2023-05-01
user_1472,2023-05-01
user_1473,2023-05-01
user_1474,2023-05-01
user_1475,2023-05-02
user_1476,2023-05-02
user_1477,2023-05-02
user_1478,2023-05-02
user_1479,2023-05-02
user_1480,2023-05-02
user_1481,2023-05-02
user_1482,2023-05-02
user_1483,2023-05-02
user_1484,2023-05-02
user_1485,2023-05-03
user_1486,2023-05-03
user_1487,2023-05-03
user_1488,2023-05-03
user_1489,2023-05-03
user_1490,2023-05-03
user_1491,2023-05-03
user_1492,2023-05-03
user_1493,2023-05-03
user_1494,2023-05-03
user_1495,2023-05-03
user_1496,2023-05-03
user_1497,2023-05-04
user_1498,2023-05-04
user_1499,2023-05-04
user_1500,2023-05-04
user_1501,2023-05-04
user_1502,2023-05-04
user_1503,2023-05-04
user_1504,2023-05-04
user_1505,2023-05-04
user_1506,2023-05-04
user_1507,2023-05-04
user_1508,2023-05-04
user_1509,2023-05-04
user_1510,2023-05-04
user_1511,2023-05-05
user_1512,2023-05-05
user_1513,2023-05-05
user_1514,2023-05-05
user_1515,2023-05-05
user_1516,2023-05-05
user_1517,2023-05-05
user_1518,2023-05-05
user_1519,2023-05-05
user_1520,2023-05-05
user_1521,2023-05-05
user_1522,2023-05-06
user_1523,2023-05-06
user_1524,2023-05-06
user_1525,2023-05-06
user_1526,2023-05-06
user_1527,2023-05-06
user_1528,2023-05-06
user_1529,2023-05-06
user_1530,2023-05-06
user_1531,2023-05-06
user_1532,2023-05-06
user_1533,2023-05-06
user_1534,2023-05-06
user_1535,2023-05-06
user_1536,2023-05-07
user_1537,2023-05-07
user_1538,2023-05-07
user_1539,2023-05-07
user_1540,2023-05-07
user_1541,2023-05-07
user_1542,2023-05-07
user_1543,2023-05-07
user_1544,2023-05-07
user_1545,2023-05-07
user_1546,2023-05-07
user_1547,2023-05-08
user_1548,2023-05-08
user_1549,2023-05-08
user_1550,2023-05-08
user_1551,2023-05-08
user_1552,2023-05-08
user_1553,2023-05-08
user_1554,2023-05-08
user_1555,2023-05-08
user_1556,2023-05-08
user_1557,2023-05-08
user_1558,2023-05-08
user_1559,2023-05-09
user_1560,2023-05-09
user_1561,2023-05-09
user_1562,2023-05-09
user_1563,2023-05-09
user_1564,2023-05-09
user_1565,2023-05-09
user_1566,2023-05-09
user_1567,2023-05-09
user_1568,2023-05-09
user_1569,2023-05-10
user_1570,2023-05-10
user_1571,2023-05-10
user_1572,2023-05-10
user_1573,2023-05-10
user_1574,2023-05-10
user_1575,2023-05-10
user_1576,2023-05-10
user_1577,2023-05-10
user_1578,2023-05-10
user_1579,2023-05-11
user_1580,2023-05-11
user_1581,2023-05-11
user_1582,2023-05-11
user_1583,2023-05-11
user_1584,2023-05-11
user_1585,2023-05-11
user_1586,2023-05-11
user_1587,2023-05-11
user_1588,2023-05-11
user_1589,2023-05-11
user_1590,2023-05-12
user_1591,2023-05-12
user_1592,2023-05-12
user_1593,2023-05-12
user_1594,2023-05-12
user_1595,2023-05-12
user_1596,2023-05-12
user_1597,2023-05-12
user_1598,2023-05-12
user_1599,2023-05-12
user_1600,2023-05-12
user_1601,2023-05-12
user_1602,2023-05-13
user_1603,2023-05-13
user_1604,2023-05-13
user_1605,2023-05-13
user_1606,2023-05-13
user_1607,2023-05-13
user_1608,2023-05-13
user_1609,2023-05-13
user_1610,2023-05-13
user_1611,2023-05-13
user_1612,2023-05-13
user_1613,2023-05-13
user_1614,2023-05-13
user_1615,2023-05-14
user_1616,2023-05-14
user_1617,2023-05-14
user_1618,2023-05-14
user_1619,2023-05-14
user_1620,2023-05-14
user_1621,2023-05-14
user_1622,2023-05-14
user_1623,2023-05-14
user_1624,2023-05-14
user_1625,2023-05-14
user_1626,2023-05-15
user_1627,2023-05-15
user_1628,2023-05-15
user_1629,2023-05-15
user_1630,2023-05-15
user_1631,2023-05-15
user_1632,2023-05-15
user_1633,2023-05-15
user_1634,2023-05-15
user_1635,2023-05-15
user_1636,2023-05-15
user_1637,2023-05-15
user_1638,2023-05-16
user_1639,2023-05-16
user_1640,2023-05-16
user_1641,2023-05-16
user_1642,2023-05-16
user_1643,2023-05-16
user_1644,2023-05-16
user_1645,2023-05-16
user_1646,2023-05-16
user_1647,2023-05-16
user_1648,2023-05-17
user_1649,2023-05-17
user_1650,2023-05-17
user_1651,2023-05-17
user_1652,2023-05-17
user_1653,2023-05-17
user_1654,2023-05-17
user_1655,2023-05-17
user_1656,2023-05-17
user_1657,2023-05-17
user_1658,2023-05-18
user_1659,2023-05-18
user_1660,2023-05-18
user_1661,2023-05-18
user_1662,2023-05-18
user_1663,2023-05-18
user_1664,2023-05-18
user_1665,2023-05-18
user_1666,2023-05-18
user_1667,2023-05-18
user_1668,2023-05-18
user_1669,2023-05-18
user_1670,2023-05-18
user_1671,2023-05-18
user_1672,2023-05-19
user_1673,2023-05-19
user_1674,2023-05-19
user_1675,2023-05-19
user_1676,2023-05-19
user_1677,2023-05-19
user_1678,2023-05-19
user_1679,2023-05-19
user_1680,2023-05-19
user_1681,2023-05-19
user_1682,2023-05-19
user_1683,2023-05-19
user_1684,2023-05-19
user_1685,2023-05-20
user_1686,2023-05-20
user_1687,2023-05-20
user_1688,2023-05-20
user_1689,2023-05-20
user_1690,2023-05-20
user_1691,2023-05-20
user_1692,2023-05-20
user_1693,2023-05-20
user_1694,2023-05-20
user_1695,2023-05-20
user_1696,2023-05-21
user_1697,2023-05-21
user_1698,2023-05-21
user_1699,2023-05-21
user_1700,2023-05-21
user_1701,2023-05-21
user_1702,2023-05-21
user_1703,2023-05-21
user_1704,2023-05-21
user_1705,2023-05-21
user_1706,2023-05-22
user_1707,2023-05-22
user_1708,2023-05-22
user_1709,2023-05-22
user_1710,2023-05-22
user_1711,2023-05-22
user_1712,2023-05-22
user_1713,2023-05-22
user_1714,2023-05-22
user_1715,2023-05-22
user_1716,2023-05-22
user_1717,2023-05-22
user_1718,2023-05-22
user_1719,2023-05-22
user_1720,2023-05-23
user_1721,2023-05-23
user_1722,2023-05-23
user_1723,2023-05-23
user_1724,2023-05-23
user_1725,2023-05-23
user_1726,2023-05-23
user_1727,2023-05-23
user_1728,2023-05-23
user_1729,2023-05-23
user_1730,2023-05-23
user_1731,2023-05-24
user_1732,2023-05-24
user_1733,2023-05-24
user_1734,2023-05-24
user_1735,2023-05-24
user_1736,2023-05-24
user_1737,2023-05-24
user_1738,2023-05-24
user_1739,2023-05-24
user_1740,2023-05-24
user_1741,2023-05-24
user_1742,2023-05-24
user_1743,2023-05-24
user_1744,2023-05-25
user_1745,2023-05-25
user_1746,2023-05-25
user_1747,2023-05-25
user_1748,2023-05-25
user_1749,2023-05-25
user_1750,2023-05-25
user_1751,2023-05-25
user_1752,2023-05-25
user_1753,2023-05-25
user_1754,2023-05-25
user_1755,2023-05-25
user_1756,2023-05-25
user_1757,2023-05-26
user_1758,2023-05-26
user_1759,2023-05-26
user_1760,2023-05-26
user_1761,2023-05-26
user_1762,2023-05-26
user_1763,2023-05-26
user_1764,2023-05-26
user_1765,2023-05-26
user_1766,2023-05-26
user_1767,2023-05-26
user_1768,2023-05-26
user_1769,2023-05-27
user_1770,2023-05-27
user_1771,2023-05-27
user_1772,2023-05-27
user_1773,2023-05-27
user_1774,2023-05-27
user_1775,2023-05-27
user_1776,2023-05-27
user_1777,2023-05-27
user_1778,2023-05-27
user_1779,2023-05-27
user_1780,2023-05-27
user_1781,2023-05-27
user_1782,2023-05-28
user_1783,2023-05-28
user_1784,2023-05-28
user_1785,2023-05-28
user_1786,2023-05-28
user_1787,2023-05-28
user_1788,2023-05-28
user_1789,2023-05-28
user_1790,2023-05-28
user_1791,2023-05-28
user_1792,2023-05-28
user_1793,2023-05-28
user_1794,2023-05-28
user_1795,2023-05-29
user_1796,2023-05-29
user_1797,2023-05-29
user_1798,2023-05-29
user_1799,2023-05-29
user_1800,2023-05-29
user_1801,2023-05-29
user_1802,2023-05-29
user_1803,2023-05-29
user_1804,2023-05-29
user_1805,2023-05-29
user_1806,2023-05-29
user_1807,2023-05-29
user_1808,2023-05-29
user_1809,2023-05-30
user_1810,2023-05-30
user_1811,2023-05-30
user_1812,2023-05-30
user_1813,2023-05-30
user_1814,2023-05-30
user_1815,2023-05-30
user_1816,2023-05-30
user_1817,2023-05-30
user_1818,2023-05-30
user_1819,2023-05-30
user_1820,2023-05-30
user_1821,2023-05-30
user_1822,2023-05-30
user_1823,2023-05-31
user_1824,2023-05-31
user_1825,2023-05-31
user_1826,2023-05-31
user_1827,2023-05-31
user_1828,2023-05-31
user_1829,2023-05-31
user_1830,2023-05-31
user_1831,2023-05-31
user_1832,2023-05-31
user_1833,2023-05-31
user_1834,2023-05-31
user_1835,2023-05-31
user_1836,2023-05-31
