date,item,price,quantity
2020-01-01,mouse,35,5
2020-01-02,laptop,73,4
2020-01-03,phone,90,7
2020-01-04,phone,91,9
2020-01-05,mouse,65,9
2020-01-06,book,23,4
2020-01-07,book,86,9
2020-01-08,phone,43,6
2020-01-09,mouse,81,8
2020-01-10,laptop,92,8
2020-01-11,laptop,34,1
2020-01-12,phone,58,6
2020-01-13,phone,42,5
2020-01-14,book,55,1
2020-01-15,laptop,14,9
2020-01-16,book,44,2
2020-01-17,phone,22,4
2020-01-18,mouse,11,2
2020-01-19,mouse,84,7
2020-01-20,laptop,47,4
2020-01-21,laptop,94,6
2020-01-22,mouse,91,5
2020-01-23,pen,34,2
2020-01-24,pen,27,9
2020-01-25,book,77,2
2020-01-26,book,80,1
2020-01-27,book,53,1
2020-01-28,pen,74,9
2020-01-29,book,89,1
2020-01-30,book,33,1
2020-01-31,book,37,6
2020-02-01,phone,80,7
2020-02-02,mouse,99,4
2020-02-03,pen,20,1
2020-02-04,mouse,67,4
2020-02-05,mouse,37,3
2020-02-06,phone,54,1
2020-02-07,book,24,7
2020-02-08,mouse,17,4
2020-02-09,phone,65,3
2020-02-10,phone,89,2
2020-02-11,laptop,74,6
2020-02-12,phone,50,9
2020-02-13,phone,37,5
2020-02-14,book,15,5
2020-02-15,laptop,63,8
2020-02-16,laptop,81,3
2020-02-17,pen,60,6
2020-02-18,phone,69,5
2020-02-19,mouse,11,5
2020-02-20,phone,13,2
2020-02-21,pen,18,4
2020-02-22,mouse,97,7
2020-02-23,phone,91,9
2020-02-24,phone,78,2
2020-02-25,mouse,82,5
2020-02-26,phone,42,4
2020-02-27,mouse,88,9
2020-02-28,phone,29,7
2020-02-29,book,35,3
2020-03-01,phone,48,4
2020-03-02,laptop,69,6
2020-03-03,pen,27,3
2020-03-04,mouse,53,8
2020-03-05,laptop,28,3
2020-03-06,pen,58,8
2020-03-07,book,20,4
2020-03-08,pen,57,3
2020-03-09,mouse,42,9
2020-03-10,pen,54,6
2020-03-11,laptop,50,8
2020-03-12,phone,18,7
2020-03-13,laptop,78,1
2020-03-14,pen,43,4
2020-03-15,mouse,11,8
2020-03-16,pen,85,7
2020-03-17,mouse,44,1
2020-03-18,mouse,82,4
2020-03-19,book,29,6
2020-03-20,laptop,94,4
2020-03-21,mouse,60,2
2020-03-22,mouse,92,6
2020-03-23,pen,69,5
2020-03-24,book,82,5
2020-03-25,pen,48,6
2020-03-26,mouse,49,7
2020-03-27,pen,44,4
2020-03-28,book,41,5
2020-03-29,pen,14,9
2020-03-30,laptop,38,7
2020-03-31,phone,23,8
2020-04-01,book,67,2
2020-04-02,mouse,75,4
2020-04-03,pen,95,1
2020-04-04,book,30,7
2020-04-05,laptop,27,5
2020-04-06,mouse,91,1
2020-04-07,laptop,72,8
2020-04-08,pen,14,8
2020-04-09,pen,84,4
2020-04-10,laptop,49,3
2020-04-11,laptop,45,9
2020-04-12,book,31,1
2020-04-13,laptop,77,3
2020-04-14,mouse,45,4
2020-04-15,mouse,91,2
2020-04-16,mouse,16,4
2020-04-17,pen,68,7
2020-04-18,phone,75,4
2020-04-19,laptop,49,5
2020-04-20,laptop,82,8
2020-04-21,mouse,15,9
2020-04-22,mouse,47,5
2020-04-23,laptop,60,2
2020-04-24,laptop,95,3
2020-04-25,book,97,8
2020-04-26,laptop,20,5
2020-04-27,phone,74,4
2020-04-28,phone,59,7
2020-04-29,laptop,90,8
2020-04-30,laptop,97,2
2020-05-01,book,53,2
2020-05-02,phone,22,1
2020-05-03,book,14,1
2020-05-04,mouse,44,5
2020-05-05,book,14,8
2020-05-06,laptop,44,2
2020-05-07,book,38,2
2020-05-08,pen,97,9
2020-05-09,phone,27,2
2020-05-10,laptop,95,8
2020-05-11,pen,54,9
2020-05-12,book,61,5
2020-05-13,phone,45,6
2020-05-14,pen,88,5
2020-05-15,pen,76,6
2020-05-16,laptop,29,1
2020-05-17,pen,29,6
2020-05-18,mouse,92,4
2020-05-19,pen,58,6
2020-05-20,laptop,61,2
2020-05-21,pen,25,9
2020-05-22,pen,42,9
2020-05-23,book,34,4
2020-05-24,mouse,53,7
2020-05-25,phone,29,8
2020-05-26,book,97,8
2020-05-27,book,60,7
2020-05-28,laptop,83,7
2020-05-29,mouse,17,4
2020-05-30,pen,23,7
2020-05-31,book,44,3
2020-06-01,book,86,2
2020-06-02,phone,67,4
2020-06-03,phone,52,9
2020-06-04,mouse,52,3
2020-06-05,phone,69,9
2020-06-06,pen,27,7
2020-06-07,phone,91,7
2020-06-08,mouse,86,7
2020-06-09,phone,85,6
2020-06-10,laptop,95,5
2020-06-11,pen,53,5
2020-06-12,pen,91,8
2020-06-13,laptop,66,1
2020-06-14,mouse,48,1
2020-06-15,laptop,92,1
2020-06-16,mouse,11,7
2020-06-17,laptop,40,8
2020-06-18,mouse,48,4
2020-06-19,phone,40,4
2020-06-20,phone,83,2
2020-06-21,laptop,56,4
2020-06-22,book,57,5
2020-06-23,phone,99,4
2020-06-24,book,69,3
2020-06-25,mouse,94,9
2020-06-26,mouse,67,9
2020-06-27,phone,37,2
2020-06-28,book,14,1
2020-06-29,book,15,6
2020-06-30,mouse,93,4
2020-07-01,mouse,75,3
2020-07-02,laptop,52,2
2020-07-03,phone,95,7
2020-07-04,phone,99,2
2020-07-05,phone,10,2
2020-07-06,mouse,17,9
2020-07-07,book,75,2
2020-07-08,pen,90,5
2020-07-09,phone,58,6
2020-07-10,phone,88,2
2020-07-11,phone,59,9
2020-07-12,pen,76,3
2020-07-13,phone,76,2
2020-07-14,laptop,67,1
2020-07-15,mouse,73,8
2020-07-16,book,45,1
2020-07-17,laptop,43,9
2020-07-18,pen,20,1
2020-07-19,mouse,53,6
2020-07-20,mouse,58,1
2020-07-21,phone,10,5
2020-07-22,laptop,43,5
2020-07-23,phone,97,1
2020-07-24,mouse,34,7
2020-07-25,phone,39,3
2020-07-26,book,85,9
2020-07-27,pen,55,2
2020-07-28,book,88,8
2020-07-29,pen,30,7
2020-07-30,phone,10,1
2020-07-31,book,75,2
2020-08-01,pen,19,1
2020-08-02,mouse,31,8
2020-08-03,phone,48,9
2020-08-04,phone,38,3
2020-08-05,mouse,15,8
2020-08-06,phone,58,3
2020-08-07,book,73,2
2020-08-08,phone,68,4
2020-08-09,laptop,45,6
2020-08-10,book,23,6
2020-08-11,laptop,88,3
2020-08-12,book,46,1
2020-08-13,pen,61,1
2020-08-14,mouse,33,7
2020-08-15,laptop,53,5
2020-08-16,book,34,5
2020-08-17,mouse,36,6
2020-08-18,laptop,40,9
2020-08-19,phone,65,2
2020-08-20,phone,13,5
2020-08-21,laptop,56,8
2020-08-22,phone,90,1
2020-08-23,pen,11,5
2020-08-24,book,96,7
2020-08-25,pen,77,3
2020-08-26,laptop,36,3
2020-08-27,book,15,6
2020-08-28,laptop,89,2
2020-08-29,book,43,2
2020-08-30,laptop,54,9
2020-08-31,mouse,39,4
2020-09-01,laptop,14,6
2020-09-02,laptop,65,7
2020-09-03,pen,33,6
2020-09-04,laptop,87,1
2020-09-05,pen,25,8
2020-09-06,pen,64,4
2020-09-07,laptop,68,7
2020-09-08,laptop,27,8
2020-09-09,book,79,7
2020-09-10,book,50,6
2020-09-11,book,72,2
2020-09-12,pen,32,4
2020-09-13,phone,46,4
2020-09-14,pen,41,6
2020-09-15,phone,95,1
2020-09-16,book,69,9
2020-09-17,mouse,60,4
2020-09-18,phone,99,3
2020-09-19,phone,77,3
2020-09-20,pen,88,8
2020-09-21,mouse,39,3
2020-09-22,laptop,35,9
2020-09-23,pen,79,5
2020-09-24,mouse,61,8
2020-09-25,mouse,64,2
2020-09-26,phone,64,4
2020-09-27,mouse,27,6
2020-09-28,book,12,1
2020-09-29,book,80,8
2020-09-30,laptop,69,4
2020-10-01,phone,18,5
2020-10-02,pen,58,8
2020-10-03,laptop,87,7
2020-10-04,phone,95,6
2020-10-05,phone,64,4
2020-10-06,pen,19,5
2020-10-07,phone,94,5
2020-10-08,mouse,46,2
2020-10-09,book,69,8
2020-10-10,pen,76,6
2020-10-11,pen,93,5
2020-10-12,book,39,7
2020-10-13,pen,85,4
2020-10-14,phone,68,7
2020-10-15,mouse,95,5
2020-10-16,pen,41,8
2020-10-17,laptop,68,6
2020-10-18,pen,12,9
2020-10-19,phone,16,2
2020-10-20,pen,62,6
2020-10-21,mouse,41,4
2020-10-22,pen,92,1
2020-10-23,laptop,80,8
2020-10-24,mouse,85,8
2020-10-25,laptop,75,9
2020-10-26,book,12,8
2020-10-27,phone,44,1
2020-10-28,mouse,75,3
2020-10-29,laptop,38,5
2020-10-30,book,62,7
2020-10-31,laptop,92,2
2020-11-01,mouse,72,7
2020-11-02,mouse,87,8
2020-11-03,book,40,6
2020-11-04,mouse,71,8
2020-11-05,laptop,74,1
2020-11-06,phone,63,4
2020-11-07,laptop,97,5
2020-11-08,book,52,2
2020-11-09,book,72,3
2020-11-10,phone,22,9
2020-11-11,laptop,32,2
2020-11-12,book,14,2
2020-11-13,phone,44,2
2020-11-14,pen,21,6
2020-11-15,book,93,9
2020-11-16,phone,90,7
2020-11-17,mouse,59,3
2020-11-18,mouse,54,7
2020-11-19,mouse,36,6
2020-11-20,phone,27,1
2020-11-21,mouse,42,9
2020-11-22,phone,92,7
2020-11-23,pen,90,5
2020-11-24,phone,29,2
2020-11-25,pen,38,4
2020-11-26,mouse,98,5
2020-11-27,laptop,78,9
2020-11-28,phone,16,5
2020-11-29,book,38,5
2020-11-30,phone,43,6
2020-12-01,book,55,9
2020-12-02,pen,53,8
2020-12-03,pen,92,7
2020-12-04,laptop,26,2
2020-12-05,pen,95,6
2020-12-06,laptop,51,1
2020-12-07,laptop,78,4
2020-12-08,book,47,3
2020-12-09,pen,65,7
2020-12-10,mouse,48,2
2020-12-11,mouse,64,1
2020-12-12,book,68,6
2020-12-13,pen,71,5
2020-12-14,book,98,3
2020-12-15,mouse,95,8
2020-12-16,mouse,91,5
2020-12-17,pen,93,9
2020-12-18,pen,27,3
2020-12-19,phone,38,4
2020-12-20,laptop,22,1
2020-12-21,laptop,81,5
2020-12-22,pen,18,7
2020-12-23,book,69,9
2020-12-24,pen,15,7
2020-12-25,book,15,8
2020-12-26,book,62,1
2020-12-27,pen,15,1
2020-12-28,book,21,4
2020-12-29,phone,32,4
2020-12-30,book,35,7
2020-12-31,laptop,47,9
2021-01-01,mouse,10,5
2021-01-02,phone,57,1
2021-01-03,phone,91,3
2021-01-04,phone,41,8
2021-01-05,laptop,84,4
2021-01-06,phone,87,8
2021-01-07,book,41,3
2021-01-08,laptop,68,3
2021-01-09,phone,82,8
2021-01-10,book,23,7
2021-01-11,pen,66,2
2021-01-12,book,73,4
2021-01-13,mouse,24,1
2021-01-14,book,31,8
2021-01-15,mouse,18,4
2021-01-16,laptop,44,5
2021-01-17,mouse,41,7
2021-01-18,book,15,4
2021-01-19,laptop,17,7
2021-01-20,book,58,4
2021-01-21,pen,44,5
2021-01-22,phone,15,6
2021-01-23,book,96,7
2021-01-24,phone,64,7
2021-01-25,pen,23,6
2021-01-26,phone,47,9
2021-01-27,pen,82,7
2021-01-28,laptop,84,7
2021-01-29,mouse,68,7
2021-01-30,book,64,9
2021-01-31,laptop,57,3
2021-02-01,mouse,43,6
2021-02-02,book,71,7
2021-02-03,laptop,40,3
2021-02-04,mouse,88,9
2021-02-05,phone,92,8
2021-02-06,book,20,4
2021-02-07,pen,30,7
2021-02-08,laptop,54,5
2021-02-09,pen,23,4
2021-02-10,mouse,22,1
2021-02-11,phone,13,2
2021-02-12,phone,20,3
2021-02-13,book,88,4
2021-02-14,phone,36,8
2021-02-15,mouse,81,4
2021-02-16,phone,59,3
2021-02-17,phone,29,5
2021-02-18,phone,14,8
2021-02-19,pen,58,8
2021-02-20,mouse,76,7
2021-02-21,pen,38,1
2021-02-22,mouse,78,9
2021-02-23,laptop,16,2
2021-02-24,phone,86,6
2021-02-25,pen,99,2
2021-02-26,phone,77,3
2021-02-27,laptop,48,1
2021-02-28,mouse,72,7
2021-03-01,pen,55,6
2021-03-02,mouse,77,4
2021-03-03,phone,17,2
2021-03-04,laptop,26,5
2021-03-05,laptop,74,8
2021-03-06,mouse,42,1
2021-03-07,book,18,9
2021-03-08,book,84,4
2021-03-09,book,12,7
2021-03-10,laptop,43,5
2021-03-11,pen,48,3
2021-03-12,laptop,81,1
2021-03-13,book,38,2
2021-03-14,pen,69,5
2021-03-15,book,24,9
2021-03-16,pen,58,6
2021-03-17,book,95,9
2021-03-18,phone,97,5
2021-03-19,laptop,45,5
2021-03-20,pen,23,4
2021-03-21,phone,72,7
2021-03-22,laptop,93,6
2021-03-23,mouse,97,5
2021-03-24,book,70,2
2021-03-25,book,39,8
2021-03-26,pen,39,9
2021-03-27,mouse,45,4
2021-03-28,book,14,1
2021-03-29,book,24,1
2021-03-30,mouse,16,1
2021-03-31,laptop,14,5
2021-04-01,pen,19,9
2021-04-02,phone,85,2
2021-04-03,mouse,85,9
2021-04-04,pen,92,4
2021-04-05,phone,34,8
2021-04-06,book,69,7
2021-04-07,phone,10,6
2021-04-08,phone,95,9
2021-04-09,phone,76,8
2021-04-10,pen,94,6
2021-04-11,mouse,44,9
2021-04-12,laptop,21,9
2021-04-13,phone,33,1
2021-04-14,laptop,25,1
2021-04-15,laptop,55,4
2021-04-16,laptop,56,6
2021-04-17,laptop,54,4
2021-04-18,pen,34,9
2021-04-19,phone,57,3
2021-04-20,laptop,50,7
2021-04-21,mouse,96,8
2021-04-22,phone,62,7
2021-04-23,laptop,70,3
2021-04-24,book,49,1
2021-04-25,pen,58,7
2021-04-26,pen,28,7
2021-04-27,book,86,9
2021-04-28,pen,37,8
2021-04-29,book,18,3
2021-04-30,book,18,6
2021-05-01,mouse,63,9
2021-05-02,phone,67,7
2021-05-03,mouse,33,1
2021-05-04,mouse,29,4
2021-05-05,book,23,8
2021-05-06,book,63,5
2021-05-07,mouse,88,1
2021-05-08,laptop,83,8
2021-05-09,phone,76,8
2021-05-10,book,57,9
2021-05-11,book,68,3
2021-05-12,mouse,23,3
2021-05-13,mouse,80,9
2021-05-14,phone,18,6
2021-05-15,phone,66,2
2021-05-16,pen,29,5
2021-05-17,pen,64,4
2021-05-18,laptop,81,9
2021-05-19,mouse,64,6
2021-05-20,book,20,8
2021-05-21,phone,12,9
2021-05-22,phone,93,2
2021-05-23,mouse,67,5
2021-05-24,phone,42,2
2021-05-25,pen,52,3
2021-05-26,pen,80,9
2021-05-27,phone,46,3
2021-05-28,phone,75,6
2021-05-29,mouse,64,7
2021-05-30,book,52,2
2021-05-31,book,21,3
2021-06-01,pen,53,8
2021-06-02,mouse,62,5
2021-06-03,phone,47,7
2021-06-04,phone,20,8
2021-06-05,mouse,39,8
2021-06-06,mouse,44,9
2021-06-07,book,65,3
2021-06-08,mouse,66,8
2021-06-09,pen,87,8
2021-06-10,book,81,5
2021-06-11,book,21,2
2021-06-12,laptop,41,3
2021-06-13,pen,41,8
2021-06-14,phone,93,4
2021-06-15,mouse,93,9
2021-06-16,book,78,9
2021-06-17,phone,63,1
2021-06-18,phone,91,1
2021-06-19,book,39,7
2021-06-20,book,71,4
2021-06-21,laptop,73,9
2021-06-22,mouse,24,1
2021-06-23,laptop,89,1
2021-06-24,mouse,47,6
2021-06-25,mouse,86,7
2021-06-26,laptop,62,6
2021-06-27,phone,13,1
2021-06-28,book,90,1
2021-06-29,mouse,87,3
2021-06-30,phone,85,9
2021-07-01,pen,78,6
2021-07-02,mouse,42,2
2021-07-03,book,86,5
2021-07-04,phone,19,1
2021-07-05,book,50,6
2021-07-06,book,99,5
2021-07-07,pen,85,1
2021-07-08,mouse,21,1
2021-07-09,pen,21,2
2021-07-10,mouse,14,4
2021-07-11,phone,54,8
2021-07-12,phone,31,7
2021-07-13,phone,20,8
2021-07-14,pen,30,1
2021-07-15,mouse,13,7
2021-07-16,book,82,3
2021-07-17,laptop,68,6
2021-07-18,laptop,19,4
2021-07-19,laptop,49,5
2021-07-20,mouse,59,5
2021-07-21,laptop,72,1
2021-07-22,phone,89,5
2021-07-23,book,40,5
2021-07-24,laptop,74,8
2021-07-25,pen,37,7
2021-07-26,phone,39,2
2021-07-27,phone,91,1
2021-07-28,pen,56,5
2021-07-29,book,44,8
2021-07-30,phone,22,2
2021-07-31,mouse,51,2
2021-08-01,pen,56,9
2021-08-02,phone,91,5
2021-08-03,phone,60,8
2021-08-04,mouse,66,3
2021-08-05,laptop,71,5
2021-08-06,pen,31,9
2021-08-07,phone,43,8
2021-08-08,pen,18,9
2021-08-09,book,11,6
2021-08-10,pen,20,3
2021-08-11,mouse,43,4
2021-08-12,book,56,8
2021-08-13,phone,39,2
2021-08-14,laptop,74,9
2021-08-15,pen,95,3
2021-08-16,mouse,39,2
2021-08-17,mouse,22,5
2021-08-18,book,45,6
2021-08-19,laptop,62,7
2021-08-20,book,60,3
2021-08-21,phone,26,5
2021-08-22,laptop,32,9
2021-08-23,laptop,88,3
2021-08-24,phone,79,4
2021-08-25,mouse,20,8
2021-08-26,laptop,87,4
2021-08-27,pen,68,6
2021-08-28,phone,38,1
2021-08-29,book,20,9
2021-08-30,mouse,60,9
2021-08-31,phone,84,9
2021-09-01,mouse,18,4
2021-09-02,laptop,67,5
2021-09-03,mouse,17,6
2021-09-04,book,90,3
2021-09-05,laptop,64,9
2021-09-06,phone,24,1
2021-09-07,pen,59,5
2021-09-08,phone,95,5
2021-09-09,laptop,91,2
2021-09-10,pen,89,4
2021-09-11,pen,98,9
2021-09-12,pen,48,2
2021-09-13,book,80,1
2021-09-14,laptop,88,7
2021-09-15,phone,75,2
2021-09-16,mouse,49,2
2021-09-17,phone,81,6
2021-09-18,book,35,9
2021-09-19,laptop,51,2
2021-09-20,laptop,92,3
2021-09-21,book,23,8
2021-09-22,phone,22,4
2021-09-23,mouse,85,2
2021-09-24,pen,43,8
2021-09-25,book,53,3
2021-09-26,laptop,32,6
2021-09-27,book,33,6
2021-09-28,laptop,10,7
2021-09-29,mouse,45,8
2021-09-30,pen,91,7
2021-10-01,mouse,97,1
2021-10-02,phone,53,6
2021-10-03,phone,12,8
2021-10-04,mouse,72,7
2021-10-05,mouse,79,6
2021-10-06,laptop,88,3
2021-10-07,phone,96,5
2021-10-08,pen,19,3
2021-10-09,pen,38,9
2021-10-10,phone,20,3
2021-10-11,phone,42,5
2021-10-12,laptop,40,3
2021-10-13,phone,68,1
2021-10-14,pen,10,8
2021-10-15,book,62,7
2021-10-16,mouse,40,6
2021-10-17,mouse,36,6
2021-10-18,laptop,16,6
2021-10-19,pen,49,8
2021-10-20,pen,74,5
2021-10-21,phone,50,8
2021-10-22,pen,87,1
2021-10-23,mouse,41,2
2021-10-24,laptop,32,2
2021-10-25,pen,75,9
2021-10-26,mouse,40,7
2021-10-27,phone,47,1
2021-10-28,pen,31,4
2021-10-29,mouse,45,3
2021-10-30,pen,43,6
2021-10-31,mouse,19,2
2021-11-01,book,18,4
2021-11-02,book,38,3
2021-11-03,phone,25,6
2021-11-04,phone,55,4
2021-11-05,mouse,21,4
2021-11-06,book,81,5
2021-11-07,phone,71,3
2021-11-08,laptop,51,5
2021-11-09,mouse,64,9
2021-11-10,laptop,53,6
2021-11-11,pen,88,4
2021-11-12,phone,51,4
2021-11-13,laptop,95,8
2021-11-14,phone,29,3
2021-11-15,book,31,4
2021-11-16,laptop,74,5
2021-11-17,phone,86,7
2021-11-18,laptop,38,1
2021-11-19,pen,88,4
2021-11-20,pen,38,8
2021-11-21,laptop,99,1
2021-11-22,book,24,2
2021-11-23,book,17,7
2021-11-24,book,22,7
2021-11-25,mouse,85,7
2021-11-26,phone,33,4
2021-11-27,mouse,89,7
2021-11-28,phone,19,9
2021-11-29,mouse,20,9
2021-11-30,pen,18,2
2021-12-01,mouse,75,8
2021-12-02,book,76,3
2021-12-03,book,42,6
2021-12-04,book,64,3
2021-12-05,mouse,88,2
2021-12-06,mouse,13,1
2021-12-07,laptop,62,3
2021-12-08,phone,49,9
2021-12-09,phone,22,1
2021-12-10,mouse,70,1
2021-12-11,pen,45,8
2021-12-12,book,24,7
2021-12-13,laptop,40,8
2021-12-14,book,23,2
2021-12-15,phone,51,6
2021-12-16,mouse,69,2
2021-12-17,book,40,8
2021-12-18,laptop,50,1
2021-12-19,laptop,66,3
2021-12-20,phone,10,7
2021-12-21,laptop,55,9
2021-12-22,mouse,59,4
2021-12-23,phone,73,7
2021-12-24,mouse,28,2
2021-12-25,laptop,49,4
2021-12-26,phone,84,7
2021-12-27,mouse,62,1
2021-12-28,pen,34,8
2021-12-29,mouse,50,6
2021-12-30,pen,94,1
2021-12-31,mouse,39,7
2022-01-01,mouse,37,5
2022-01-02,book,31,9
2022-01-03,phone,21,2
2022-01-04,mouse,73,4
2022-01-05,mouse,18,7
2022-01-06,phone,12,4
2022-01-07,laptop,19,7
2022-01-08,book,84,8
2022-01-09,mouse,88,6
2022-01-10,laptop,39,1
2022-01-11,laptop,68,4
2022-01-12,book,99,4
2022-01-13,mouse,47,7
2022-01-14,phone,49,7
2022-01-15,laptop,32,8
2022-01-16,pen,97,5
2022-01-17,book,84,9
2022-01-18,phone,21,8
2022-01-19,phone,22,8
2022-01-20,phone,31,2
2022-01-21,phone,86,7
2022-01-22,phone,53,6
2022-01-23,book,83,7
2022-01-24,phone,87,5
2022-01-25,pen,44,7
2022-01-26,mouse,33,5
2022-01-27,mouse,37,8
2022-01-28,mouse,72,6
2022-01-29,phone,69,9
2022-01-30,book,90,2
2022-01-31,laptop,93,8
2022-02-01,phone,73,9
2022-02-02,mouse,47,6
2022-02-03,mouse,36,5
2022-02-04,pen,58,2
2022-02-05,book,16,6
2022-02-06,phone,98,1
2022-02-07,mouse,44,3
2022-02-08,phone,59,8
2022-02-09,mouse,13,8
2022-02-10,laptop,92,9
2022-02-11,phone,43,3
2022-02-12,pen,18,7
2022-02-13,laptop,95,1
2022-02-14,mouse,31,1
2022-02-15,mouse,65,4
2022-02-16,phone,58,6
2022-02-17,phone,18,4
2022-02-18,laptop,30,5
2022-02-19,pen,25,7
2022-02-20,mouse,65,9
2022-02-21,pen,19,6
2022-02-22,phone,50,5
2022-02-23,pen,16,1
2022-02-24,phone,99,4
2022-02-25,laptop,67,5
2022-02-26,phone,80,9
2022-02-27,phone,57,1
2022-02-28,phone,84,1
2022-03-01,laptop,47,7
2022-03-02,phone,55,3
2022-03-03,laptop,15,7
2022-03-04,mouse,11,9
2022-03-05,mouse,66,1
2022-03-06,pen,93,6
2022-03-07,laptop,26,1
2022-03-08,pen,62,5
2022-03-09,mouse,69,5
2022-03-10,book,81,6
2022-03-11,laptop,45,8
2022-03-12,laptop,39,9
2022-03-13,pen,55,1
2022-03-14,phone,77,4
2022-03-15,laptop,39,2
2022-03-16,laptop,11,4
2022-03-17,book,57,4
2022-03-18,phone,49,3
2022-03-19,phone,14,8
2022-03-20,mouse,55,5
2022-03-21,pen,85,7
2022-03-22,mouse,31,9
2022-03-23,laptop,67,5
2022-03-24,mouse,61,3
2022-03-25,phone,79,2
2022-03-26,mouse,34,6
2022-03-27,laptop,31,4
2022-03-28,phone,36,8
2022-03-29,book,55,6
2022-03-30,pen,85,9
2022-03-31,laptop,72,4
2022-04-01,mouse,14,6
2022-04-02,mouse,99,3
2022-04-03,mouse,88,3
2022-04-04,book,40,9
2022-04-05,phone,86,6
2022-04-06,phone,49,1
2022-04-07,pen,18,5
2022-04-08,phone,95,3
2022-04-09,phone,43,8
2022-04-10,pen,73,7
2022-04-11,book,58,4
2022-04-12,pen,53,1
2022-04-13,pen,95,7
2022-04-14,pen,91,4
2022-04-15,book,10,1
2022-04-16,pen,17,1
2022-04-17,book,61,9
2022-04-18,book,13,6
2022-04-19,phone,95,3
2022-04-20,mouse,36,6
2022-04-21,laptop,94,5
2022-04-22,laptop,17,7
2022-04-23,laptop,34,7
2022-04-24,pen,41,5
2022-04-25,book,68,1
2022-04-26,phone,18,9
2022-04-27,phone,17,1
2022-04-28,phone,10,1
2022-04-29,laptop,91,8
2022-04-30,phone,98,5
2022-05-01,book,43,2
2022-05-02,book,49,5
2022-05-03,pen,15,1
2022-05-04,phone,51,8
2022-05-05,mouse,56,1
2022-05-06,pen,78,7
2022-05-07,laptop,15,3
2022-05-08,pen,16,6
2022-05-09,mouse,18,4
2022-05-10,phone,68,9
2022-05-11,mouse,47,1
2022-05-12,phone,59,1
2022-05-13,mouse,57,4
2022-05-14,book,90,9
2022-05-15,phone,80,6
2022-05-16,laptop,62,8
2022-05-17,mouse,41,7
2022-05-18,book,89,7
2022-05-19,mouse,69,2
2022-05-20,book,20,8
2022-05-21,book,65,3
2022-05-22,mouse,60,2
2022-05-23,book,62,6
2022-05-24,laptop,47,2
2022-05-25,mouse,97,5
2022-05-26,book,91,8
2022-05-27,mouse,89,1
2022-05-28,laptop,30,5
2022-05-29,phone,55,4
2022-05-30,laptop,41,4
2022-05-31,phone,82,9
2022-06-01,pen,57,7
2022-06-02,laptop,28,4
2022-06-03,pen,26,5
2022-06-04,pen,33,3
2022-06-05,pen,44,3
2022-06-06,book,41,1
2022-06-07,mouse,12,6
2022-06-08,phone,81,5
2022-06-09,phone,66,9
2022-06-10,laptop,66,8
2022-06-11,pen,91,7
2022-06-12,laptop,17,5
2022-06-13,book,60,7
2022-06-14,pen,13,3
2022-06-15,phone,62,8
2022-06-16,book,45,2
2022-06-17,book,43,2
2022-06-18,pen,82,5
2022-06-19,mouse,23,7
2022-06-20,phone,65,3
2022-06-21,laptop,85,4
2022-06-22,laptop,90,6
2022-06-23,book,56,8
2022-06-24,phone,11,1
2022-06-25,laptop,72,6
2022-06-26,phone,23,5
2022-06-27,pen,25,5
2022-06-28,book,58,8
2022-06-29,phone,12,9
2022-06-30,laptop,89,4
2022-07-01,phone,66,8
2022-07-02,book,69,1
2022-07-03,book,36,4
2022-07-04,phone,44,5
2022-07-05,mouse,13,8
2022-07-06,mouse,21,8
2022-07-07,laptop,88,7
2022-07-08,book,50,7
2022-07-09,pen,28,5
2022-07-10,pen,43,7
2022-07-11,laptop,24,5
2022-07-12,pen,66,9
2022-07-13,pen,79,6
2022-07-14,phone,75,5
2022-07-15,book,96,9
2022-07-16,phone,60,3
2022-07-17,pen,44,1
2022-07-18,book,14,7
2022-07-19,laptop,93,7
2022-07-20,phone,58,2
2022-07-21,mouse,76,2
2022-07-22,mouse,82,2
2022-07-23,pen,52,2
2022-07-24,pen,22,7
2022-07-25,laptop,31,1
2022-07-26,book,92,4
2022-07-27,mouse,15,7
2022-07-28,mouse,64,5
2022-07-29,mouse,75,1
2022-07-30,phone,91,9
2022-07-31,phone,45,9
2022-08-01,pen,50,2
2022-08-02,mouse,66,5
2022-08-03,pen,52,7
2022-08-04,phone,29,7
2022-08-05,pen,21,8
2022-08-06,book,55,6
2022-08-07,book,47,1
2022-08-08,pen,93,5
2022-08-09,laptop,45,2
2022-08-10,pen,64,7
2022-08-11,mouse,24,3
2022-08-12,phone,48,7
2022-08-13,phone,35,1
2022-08-14,pen,16,8
2022-08-15,laptop,49,8
2022-08-16,phone,20,3
2022-08-17,laptop,69,7
2022-08-18,book,29,3
2022-08-19,laptop,88,3
2022-08-20,mouse,82,2
2022-08-21,pen,46,6
2022-08-22,book,61,6
2022-08-23,book,39,8
2022-08-24,pen,55,4
2022-08-25,book,60,5
2022-08-26,mouse,66,3
2022-08-27,book,22,8
2022-08-28,pen,36,7
2022-08-29,phone,95,6
2022-08-30,laptop,56,1
2022-08-31,book,53,1
2022-09-01,pen,74,8
2022-09-02,laptop,59,9
2022-09-03,book,21,9
2022-09-04,pen,59,6
2022-09-05,phone,17,3
2022-09-06,laptop,32,6
2022-09-07,laptop,89,6
2022-09-08,book,54,7
2022-09-09,mouse,22,4
2022-09-10,book,39,9
2022-09-11,book,38,3
2022-09-12,mouse,29,5
2022-09-13,phone,68,6
2022-09-14,laptop,28,1
2022-09-15,phone,60,3
2022-09-16,laptop,63,7
2022-09-17,mouse,11,6
2022-09-18,phone,76,1
2022-09-19,book,72,3
2022-09-20,mouse,30,8
2022-09-21,laptop,27,5
2022-09-22,pen,23,3
2022-09-23,mouse,83,1
2022-09-24,pen,88,4
2022-09-25,phone,47,2
2022-09-26,pen,77,4
2022-09-27,mouse,22,4
2022-09-28,pen,44,6
2022-09-29,mouse,75,3
2022-09-30,phone,93,2
2022-10-01,book,97,6
2022-10-02,mouse,39,6
2022-10-03,laptop,24,2
2022-10-04,laptop,18,1
2022-10-05,mouse,94,2
2022-10-06,mouse,58,6
2022-10-07,phone,94,4
2022-10-08,mouse,36,7
2022-10-09,phone,52,5
2022-10-10,phone,21,5
2022-10-11,mouse,71,6
2022-10-12,laptop,31,8
2022-10-13,book,35,3
2022-10-14,phone,30,4
2022-10-15,laptop,91,6
2022-10-16,pen,86,6
2022-10-17,phone,15,9
2022-10-18,laptop,57,4
2022-10-19,mouse,55,5
2022-10-20,book,85,8
2022-10-21,pen,35,8
2022-10-22,mouse,32,3
2022-10-23,laptop,36,6
2022-10-24,phone,89,5
2022-10-25,pen,21,2
2022-10-26,book,91,5
2022-10-27,phone,56,5
2022-10-28,mouse,66,2
2022-10-29,mouse,35,4
2022-10-30,book,56,5
2022-10-31,mouse,65,1
2022-11-01,mouse,33,4
2022-11-02,pen,52,5
2022-11-03,mouse,82,1
2022-11-04,mouse,29,4
2022-11-05,phone,84,9
2022-11-06,book,60,4
2022-11-07,mouse,45,4
2022-11-08,mouse,64,5
2022-11-09,phone,22,4
2022-11-10,phone,19,1
2022-11-11,pen,24,6
2022-11-12,book,35,4
2022-11-13,pen,91,8
2022-11-14,pen,53,1
2022-11-15,mouse,73,7
2022-11-16,laptop,92,1
2022-11-17,laptop,30,6
2022-11-18,pen,35,6
2022-11-19,pen,81,4
2022-11-20,pen,94,8
2022-11-21,pen,14,9
2022-11-22,book,60,4
2022-11-23,pen,26,8
2022-11-24,pen,91,9
2022-11-25,laptop,45,7
2022-11-26,phone,50,1
2022-11-27,book,29,7
2022-11-28,pen,65,8
2022-11-29,mouse,26,5
2022-11-30,laptop,75,8
2022-12-01,book,23,5
2022-12-02,mouse,52,3
2022-12-03,pen,66,4
2022-12-04,mouse,88,1
2022-12-05,laptop,88,3
2022-12-06,laptop,89,2
2022-12-07,laptop,84,4
2022-12-08,phone,74,4
2022-12-09,book,69,2
2022-12-10,book,47,8
2022-12-11,book,57,4
2022-12-12,mouse,75,3
2022-12-13,laptop,47,7
2022-12-14,mouse,35,5
2022-12-15,laptop,33,5
2022-12-16,pen,24,4
2022-12-17,phone,38,9
2022-12-18,phone,84,2
2022-12-19,book,38,6
2022-12-20,laptop,63,7
2022-12-21,pen,58,8
2022-12-22,pen,69,4
2022-12-23,laptop,15,4
2022-12-24,phone,35,7
2022-12-25,laptop,16,5
2022-12-26,laptop,77,5
2022-12-27,book,91,7
2022-12-28,phone,48,1
2022-12-29,phone,15,1
2022-12-30,book,29,9
2022-12-31,book,21,2
2023-01-01,phone,13,6
2023-01-02,mouse,26,6
2023-01-03,laptop,39,5
2023-01-04,laptop,32,5
2023-01-05,phone,45,6
2023-01-06,laptop,91,3
2023-01-07,pen,69,5
2023-01-08,laptop,22,4
2023-01-09,mouse,14,9
2023-01-10,mouse,14,6
2023-01-11,mouse,96,5
2023-01-12,pen,92,5
2023-01-13,pen,51,5
2023-01-14,mouse,12,7
2023-01-15,book,12,5
2023-01-16,mouse,93,1
2023-01-17,book,64,9
2023-01-18,phone,89,5
2023-01-19,laptop,69,8
2023-01-20,book,18,5
2023-01-21,mouse,93,8
2023-01-22,mouse,66,4
2023-01-23,phone,67,7
2023-01-24,phone,97,9
2023-01-25,pen,80,1
2023-01-26,laptop,31,2
2023-01-27,laptop,77,8
2023-01-28,phone,37,6
2023-01-29,mouse,30,2
2023-01-30,book,35,1
2023-01-31,phone,18,7
2023-02-01,book,37,6
2023-02-02,pen,40,9
2023-02-03,phone,53,1
2023-02-04,phone,55,5
2023-02-05,book,53,5
2023-02-06,pen,81,8
2023-02-07,mouse,43,3
2023-02-08,book,25,6
2023-02-09,mouse,76,4
2023-02-10,pen,49,6
2023-02-11,pen,17,1
2023-02-12,pen,16,5
2023-02-13,laptop,47,8
2023-02-14,laptop,26,8
2023-02-15,mouse,27,1
2023-02-16,laptop,30,8
2023-02-17,book,99,2
2023-02-18,laptop,91,7
2023-02-19,book,83,6
2023-02-20,phone,37,5
2023-02-21,book,50,4
2023-02-22,pen,43,4
2023-02-23,pen,26,8
2023-02-24,mouse,72,6
2023-02-25,laptop,47,1
2023-02-26,pen,74,2
2023-02-27,pen,42,3
2023-02-28,laptop,81,3
2023-03-01,pen,97,1
2023-03-02,book,57,9
2023-03-03,phone,29,4
2023-03-04,book,52,8
2023-03-05,pen,18,9
2023-03-06,pen,15,5
2023-03-07,book,80,7
2023-03-08,pen,85,9
2023-03-09,phone,18,7
2023-03-10,mouse,89,6
2023-03-11,book,28,9
2023-03-12,mouse,95,5
2023-03-13,pen,79,9
2023-03-14,phone,50,8
2023-03-15,laptop,54,2
2023-03-16,pen,36,4
2023-03-17,phone,12,6
2023-03-18,pen,41,8
2023-03-19,book,41,6
2023-03-20,phone,81,5
2023-03-21,mouse,97,2
2023-03-22,mouse,94,2
2023-03-23,book,45,6
2023-03-24,laptop,41,5
2023-03-25,book,87,3
2023-03-26,book,79,6
2023-03-27,laptop,32,2
2023-03-28,laptop,48,4
2023-03-29,book,31,1
2023-03-30,laptop,61,5
2023-03-31,pen,35,5
2023-04-01,laptop,70,7
2023-04-02,mouse,86,5
2023-04-03,laptop,99,3
2023-04-04,pen,21,3
2023-04-05,book,48,8
2023-04-06,book,38,5
2023-04-07,laptop,71,6
2023-04-08,pen,22,8
2023-04-09,phone,82,2
2023-04-10,mouse,38,9
2023-04-11,book,92,2
2023-04-12,mouse,45,7
2023-04-13,book,41,2
2023-04-14,mouse,18,2
2023-04-15,laptop,75,9
2023-04-16,mouse,81,7
2023-04-17,mouse,63,6
2023-04-18,laptop,70,6
2023-04-19,mouse,13,6
2023-04-20,phone,12,8
2023-04-21,laptop,14,1
2023-04-22,laptop,20,4
2023-04-23,laptop,19,2
2023-04-24,phone,80,2
2023-04-25,laptop,90,4
2023-04-26,mouse,63,4
2023-04-27,pen,45,4
2023-04-28,mouse,47,6
2023-04-29,laptop,66,7
2023-04-30,pen,34,6
2023-05-01,mouse,88,4
2023-05-02,mouse,78,9
2023-05-03,book,62,3
2023-05-04,laptop,71,3
2023-05-05,book,35,9
2023-05-06,book,65,7
2023-05-07,mouse,97,5
2023-05-08,phone,77,8
2023-05-09,book,30,5
2023-05-10,book,38,1
2023-05-11,book,44,6
2023-05-12,pen,12,9
2023-05-13,phone,55,2
2023-05-14,phone,62,2
2023-05-15,mouse,93,4
2023-05-16,pen,87,4
2023-05-17,book,13,5
2023-05-18,laptop,60,7
2023-05-19,book,93,4
2023-05-20,book,93,7
2023-05-21,phone,54,8
2023-05-22,laptop,47,6
2023-05-23,pen,54,6
2023-05-24,phone,61,6
2023-05-25,pen,51,4
2023-05-26,laptop,47,8
2023-05-27,laptop,34,1
2023-05-28,pen,54,7
2023-05-29,pen,78,1
2023-05-30,mouse,56,4
2023-05-31,phone,10,5
2023-06-01,pen,60,4
2023-06-02,laptop,64,2
2023-06-03,mouse,57,9
2023-06-04,phone,39,1
2023-06-05,laptop,17,9
2023-06-06,book,41,8
2023-06-07,pen,76,2
2023-06-08,book,55,7
2023-06-09,phone,74,5
2023-06-10,mouse,37,1
2023-06-11,laptop,50,7
2023-06-12,mouse,97,6
2023-06-13,book,84,3
2023-06-14,laptop,30,6
2023-06-15,phone,54,2
2023-06-16,mouse,87,5
2023-06-17,laptop,71,7
2023-06-18,phone,41,9
2023-06-19,laptop,77,7
2023-06-20,book,68,1
2023-06-21,laptop,36,2
2023-06-22,mouse,21,9
2023-06-23,phone,61,5
2023-06-24,mouse,74,5
2023-06-25,mouse,17,7
2023-06-26,mouse,71,8
2023-06-27,phone,95,8
2023-06-28,laptop,45,8
2023-06-29,laptop,35,4
2023-06-30,laptop,57,9
2023-07-01,phone,37,6
2023-07-02,phone,24,3
2023-07-03,pen,67,2
2023-07-04,phone,88,4
2023-07-05,mouse,37,6
2023-07-06,book,24,3
2023-07-07,mouse,30,9
2023-07-08,phone,98,4
2023-07-09,laptop,32,1
2023-07-10,laptop,97,8
2023-07-11,laptop,73,1
2023-07-12,pen,37,1
2023-07-13,book,97,2
2023-07-14,book,19,1
2023-07-15,mouse,96,4
2023-07-16,phone,68,7
2023-07-17,book,50,8
2023-07-18,book,76,1
2023-07-19,mouse,85,9
2023-07-20,laptop,66,1
2023-07-21,laptop,68,7
2023-07-22,phone,86,7
2023-07-23,phone,50,5
2023-07-24,pen,68,3
2023-07-25,mouse,10,5
2023-07-26,laptop,12,9
2023-07-27,book,57,3
2023-07-28,book,36,5
2023-07-29,book,68,3
2023-07-30,mouse,36,3
2023-07-31,pen,89,2
2023-08-01,phone,59,9
2023-08-02,phone,51,1
2023-08-03,pen,73,2
2023-08-04,book,29,9
2023-08-05,mouse,13,7
2023-08-06,book,28,8
2023-08-07,pen,44,2
2023-08-08,phone,25,6
2023-08-09,laptop,65,2
2023-08-10,mouse,76,6
2023-08-11,book,90,7
2023-08-12,book,26,2
2023-08-13,phone,70,7
2023-08-14,phone,18,2
2023-08-15,book,78,2
2023-08-16,phone,70,2
2023-08-17,book,44,8
2023-08-18,laptop,30,2
2023-08-19,mouse,57,8
2023-08-20,pen,19,1
2023-08-21,phone,73,4
2023-08-22,book,73,7
2023-08-23,laptop,36,3
2023-08-24,book,81,2
2023-08-25,book,68,2
2023-08-26,phone,38,4
2023-08-27,pen,33,1
2023-08-28,pen,83,5
2023-08-29,phone,64,3
2023-08-30,mouse,67,9
2023-08-31,laptop,13,6
2023-09-01,pen,57,4
2023-09-02,book,74,3
2023-09-03,laptop,61,4
2023-09-04,phone,72,6
2023-09-05,book,85,4
2023-09-06,phone,84,6
2023-09-07,phone,26,4
2023-09-08,laptop,63,7
2023-09-09,laptop,70,3
2023-09-10,mouse,36,9
2023-09-11,pen,91,7
2023-09-12,phone,26,5
2023-09-13,pen,31,6
2023-09-14,laptop,43,3
2023-09-15,pen,68,6
2023-09-16,phone,89,3
2023-09-17,pen,51,6
2023-09-18,phone,53,4
2023-09-19,laptop,49,7
2023-09-20,laptop,61,3
2023-09-21,laptop,85,1
2023-09-22,pen,34,9
2023-09-23,pen,64,7
2023-09-24,phone,87,2
2023-09-25,book,26,5
2023-09-26,book,53,9
2023-09-27,pen,26,6
2023-09-28,book,53,8
2023-09-29,pen,90,3
2023-09-30,phone,46,1
2023-10-01,phone,11,5
2023-10-02,book,42,6
2023-10-03,mouse,45,3
2023-10-04,laptop,25,5
2023-10-05,phone,84,4
2023-10-06,laptop,85,5
2023-10-07,pen,56,6
2023-10-08,mouse,66,3
2023-10-09,book,19,3
2023-10-10,pen,14,3
2023-10-11,phone,36,2
2023-10-12,mouse,85,9
2023-10-13,phone,56,4
2023-10-14,pen,60,1
2023-10-15,book,59,6
2023-10-16,phone,18,8
2023-10-17,mouse,40,6
2023-10-18,mouse,58,4
2023-10-19,book,50,7
2023-10-20,mouse,64,5
2023-10-21,book,77,4
2023-10-22,phone,47,4
2023-10-23,phone,46,5
2023-10-24,phone,26,1
2023-10-25,pen,74,2
2023-10-26,pen,27,5
2023-10-27,pen,92,2
2023-10-28,pen,60,2
2023-10-29,mouse,57,9
2023-10-30,pen,88,4
2023-10-31,phone,95,9
2023-11-01,book,63,4
2023-11-02,phone,42,6
2023-11-03,phone,90,2
2023-11-04,pen,65,3
2023-11-05,mouse,69,7
2023-11-06,laptop,55,8
2023-11-07,phone,85,2
2023-11-08,phone,69,5
2023-11-09,mouse,40,1
2023-11-10,phone,58,5
2023-11-11,phone,16,2
2023-11-12,book,81,4
2023-11-13,book,98,9
2023-11-14,mouse,93,8
2023-11-15,phone,94,2
2023-11-16,laptop,88,3
2023-11-17,mouse,29,5
2023-11-18,mouse,82,3
2023-11-19,mouse,20,2
2023-11-20,pen,11,9
2023-11-21,phone,55,6
2023-11-22,pen,57,4
2023-11-23,book,91,8
2023-11-24,book,32,1
2023-11-25,pen,73,3
2023-11-26,book,36,2
2023-11-27,laptop,76,9
2023-11-28,laptop,37,7
2023-11-29,phone,58,9
2023-11-30,laptop,40,4
2023-12-01,mouse,35,8
2023-12-02,mouse,25,4
2023-12-03,mouse,52,6
2023-12-04,laptop,27,2
2023-12-05,mouse,60,6
2023-12-06,pen,79,2
2023-12-07,book,97,3
2023-12-08,phone,18,1
2023-12-09,book,78,2
2023-12-10,pen,81,1
2023-12-11,book,86,6
2023-12-12,pen,48,3
2023-12-13,laptop,43,1
2023-12-14,laptop,14,3
2023-12-15,pen,41,9
2023-12-16,book,56,9
2023-12-17,mouse,74,9
2023-12-18,pen,82,7
2023-12-19,laptop,33,6
2023-12-20,phone,29,1
2023-12-21,pen,51,9
2023-12-22,phone,28,9
2023-12-23,pen,29,5
2023-12-24,phone,94,9
2023-12-25,laptop,54,7
2023-12-26,pen,20,9
2023-12-27,book,17,5
2023-12-28,phone,65,4
2023-12-29,pen,68,3
2023-12-30,mouse,13,3
2023-12-31,pen,51,3
2024-01-01,laptop,49,5
2024-01-02,laptop,71,5
2024-01-03,book,28,7
2024-01-04,pen,31,1
2024-01-05,book,44,3
2024-01-06,laptop,36,2
2024-01-07,pen,45,2
2024-01-08,book,31,9
2024-01-09,phone,78,4
2024-01-10,book,83,4
2024-01-11,phone,76,6
2024-01-12,phone,84,8
2024-01-13,laptop,82,5
2024-01-14,mouse,76,8
2024-01-15,mouse,32,2
2024-01-16,phone,72,5
2024-01-17,pen,49,6
2024-01-18,mouse,69,6
2024-01-19,book,94,4
2024-01-20,laptop,25,2
2024-01-21,pen,71,6
2024-01-22,book,57,3
2024-01-23,book,81,6
2024-01-24,phone,61,8
2024-01-25,book,36,1
2024-01-26,mouse,62,6
2024-01-27,book,67,5
2024-01-28,book,21,9
2024-01-29,laptop,20,3
2024-01-30,pen,62,6
2024-01-31,laptop,40,4
2024-02-01,pen,13,4
2024-02-02,pen,78,8
2024-02-03,laptop,84,3
2024-02-04,book,79,4
2024-02-05,book,87,3
2024-02-06,laptop,90,1
2024-02-07,laptop,17,4
2024-02-08,pen,74,7
2024-02-09,book,96,6
2024-02-10,pen,12,6
2024-02-11,pen,87,7
2024-02-12,phone,85,9
2024-02-13,laptop,33,8
2024-02-14,pen,75,5
2024-02-15,phone,24,1
2024-02-16,laptop,78,6
2024-02-17,laptop,18,3
2024-02-18,phone,41,5
2024-02-19,phone,59,6
2024-02-20,pen,19,7
2024-02-21,mouse,21,6
2024-02-22,mouse,23,5
2024-02-23,phone,69,5
2024-02-24,phone,51,6
2024-02-25,pen,69,6
2024-02-26,mouse,70,2
2024-02-27,pen,17,9
2024-02-28,book,96,3
2024-02-29,pen,27,1
2024-03-01,mouse,14,6
2024-03-02,book,51,9
2024-03-03,phone,89,6
2024-03-04,book,29,4
2024-03-05,book,93,9
2024-03-06,phone,54,9
2024-03-07,phone,63,4
2024-03-08,book,50,3
2024-03-09,mouse,61,4
2024-03-10,pen,32,2
2024-03-11,pen,65,3
2024-03-12,laptop,32,9
2024-03-13,pen,32,9
2024-03-14,laptop,56,1
2024-03-15,mouse,20,3
2024-03-16,phone,58,9
2024-03-17,pen,24,7
2024-03-18,laptop,80,9
2024-03-19,pen,19,4
2024-03-20,phone,60,8
2024-03-21,pen,73,4
2024-03-22,laptop,82,5
2024-03-23,book,36,6
2024-03-24,pen,64,3
2024-03-25,book,33,7
2024-03-26,book,59,4
2024-03-27,laptop,51,3
2024-03-28,phone,51,5
2024-03-29,laptop,38,6
2024-03-30,pen,82,7
2024-03-31,mouse,54,3
2024-04-01,laptop,20,2
2024-04-02,book,93,9
2024-04-03,phone,89,9
2024-04-04,laptop,94,8
2024-04-05,laptop,62,6
2024-04-06,book,85,6
2024-04-07,book,45,3
2024-04-08,mouse,63,9
2024-04-09,laptop,27,9
2024-04-10,pen,37,2
2024-04-11,phone,88,3
2024-04-12,laptop,80,8
2024-04-13,book,41,4
2024-04-14,laptop,64,7
2024-04-15,book,43,5
2024-04-16,pen,22,1
2024-04-17,laptop,60,1
2024-04-18,book,15,3
2024-04-19,mouse,78,5
2024-04-20,laptop,78,8
2024-04-21,phone,34,4
2024-04-22,pen,59,8
2024-04-23,phone,14,5
2024-04-24,laptop,25,5
2024-04-25,book,62,9
2024-04-26,mouse,56,6
2024-04-27,laptop,52,3
2024-04-28,laptop,35,5
2024-04-29,pen,64,6
2024-04-30,book,22,8
2024-05-01,mouse,98,9
2024-05-02,laptop,14,2
2024-05-03,pen,76,4
2024-05-04,laptop,13,6
2024-05-05,book,18,2
2024-05-06,laptop,65,9
2024-05-07,laptop,44,3
2024-05-08,mouse,41,9
2024-05-09,phone,82,6
2024-05-10,book,77,4
2024-05-11,book,81,6
2024-05-12,laptop,47,6
2024-05-13,mouse,36,5
2024-05-14,pen,41,9
2024-05-15,book,62,8
2024-05-16,pen,88,1
2024-05-17,phone,30,9
2024-05-18,pen,32,4
2024-05-19,pen,34,2
2024-05-20,book,11,1
2024-05-21,mouse,94,8
2024-05-22,mouse,77,6
2024-05-23,mouse,36,6
2024-05-24,pen,16,1
2024-05-25,book,26,1
2024-05-26,laptop,13,3
2024-05-27,laptop,98,1
2024-05-28,pen,50,7
2024-05-29,mouse,98,5
2024-05-30,pen,87,3
2024-05-31,mouse,90,1
2024-06-01,mouse,50,3
2024-06-02,phone,80,7
2024-06-03,book,65,8
2024-06-04,pen,46,9
2024-06-05,phone,32,9
2024-06-06,pen,71,4
2024-06-07,book,94,1
2024-06-08,pen,62,1
2024-06-09,laptop,13,2
2024-06-10,phone,56,7
2024-06-11,laptop,46,9
2024-06-12,pen,92,9
2024-06-13,book,59,5
2024-06-14,book,45,8
2024-06-15,mouse,40,2
2024-06-16,book,60,1
2024-06-17,book,47,7
2024-06-18,mouse,20,9
2024-06-19,phone,65,1
2024-06-20,laptop,16,6
2024-06-21,laptop,54,4
2024-06-22,phone,66,6
2024-06-23,book,10,9
2024-06-24,phone,90,2
2024-06-25,phone,56,6
2024-06-26,laptop,68,3
2024-06-27,mouse,88,3
2024-06-28,laptop,43,7
2024-06-29,phone,91,5
2024-06-30,book,37,1
2024-07-01,pen,64,1
2024-07-02,book,53,6
2024-07-03,phone,37,6
2024-07-04,phone,94,9
2024-07-05,pen,55,1
2024-07-06,book,44,7
2024-07-07,mouse,10,4
2024-07-08,laptop,46,1
2024-07-09,mouse,14,9
2024-07-10,book,67,5
2024-07-11,phone,60,6
2024-07-12,book,65,4
2024-07-13,laptop,94,4
2024-07-14,book,79,2
2024-07-15,laptop,98,1
2024-07-16,mouse,69,1
2024-07-17,pen,68,7
2024-07-18,pen,28,2
2024-07-19,pen,42,1
2024-07-20,phone,65,3
2024-07-21,book,36,3
2024-07-22,book,66,2
2024-07-23,book,26,5
2024-07-24,pen,30,9
2024-07-25,book,89,9
2024-07-26,phone,67,4
2024-07-27,pen,63,9
2024-07-28,mouse,84,3
2024-07-29,laptop,24,6
2024-07-30,pen,67,3
2024-07-31,pen,31,4
2024-08-01,laptop,30,6
2024-08-02,mouse,24,4
2024-08-03,book,91,4
2024-08-04,laptop,97,1
2024-08-05,mouse,33,5
2024-08-06,mouse,97,5
2024-08-07,laptop,38,5
2024-08-08,laptop,69,2
2024-08-09,phone,13,1
2024-08-10,pen,69,7
2024-08-11,phone,95,1
2024-08-12,book,23,3
2024-08-13,pen,51,3
2024-08-14,laptop,96,5
2024-08-15,phone,36,3
2024-08-16,phone,24,6
2024-08-17,laptop,60,4
2024-08-18,pen,97,5
2024-08-19,phone,42,1
2024-08-20,phone,56,3
2024-08-21,pen,69,6
2024-08-22,mouse,67,1
2024-08-23,laptop,61,5
2024-08-24,laptop,93,7
2024-08-25,pen,39,5
2024-08-26,mouse,11,6
2024-08-27,pen,77,7
2024-08-28,book,34,9
2024-08-29,mouse,99,4
2024-08-30,mouse,77,6
2024-08-31,laptop,54,6
2024-09-01,pen,24,1
2024-09-02,mouse,67,2
2024-09-03,laptop,35,1
2024-09-04,laptop,47,7
2024-09-05,mouse,43,1
2024-09-06,phone,14,1
2024-09-07,laptop,42,8
2024-09-08,mouse,78,2
2024-09-09,pen,87,9
2024-09-10,book,60,9
2024-09-11,pen,39,2
2024-09-12,book,92,5
2024-09-13,phone,27,2
2024-09-14,laptop,45,1
2024-09-15,pen,83,8
2024-09-16,mouse,19,1
2024-09-17,phone,21,4
2024-09-18,phone,42,8
2024-09-19,pen,26,5
2024-09-20,phone,35,4
2024-09-21,mouse,52,4
2024-09-22,book,72,7
2024-09-23,mouse,86,3
2024-09-24,phone,34,3
2024-09-25,book,78,2
2024-09-26,mouse,32,4
2024-09-27,book,97,5
2024-09-28,book,50,5
2024-09-29,mouse,72,6
2024-09-30,laptop,69,3
2024-10-01,book,61,6
2024-10-02,pen,64,7
2024-10-03,mouse,83,5
2024-10-04,pen,67,2
2024-10-05,pen,44,7
2024-10-06,phone,21,1
2024-10-07,laptop,35,3
2024-10-08,book,42,6
2024-10-09,phone,67,8
2024-10-10,laptop,36,8
2024-10-11,book,34,6
2024-10-12,phone,36,6
2024-10-13,phone,18,1
2024-10-14,laptop,12,6
2024-10-15,mouse,95,2
2024-10-16,laptop,19,1
2024-10-17,pen,62,5
2024-10-18,book,46,3
2024-10-19,mouse,62,3
2024-10-20,pen,98,7
2024-10-21,phone,55,6
2024-10-22,phone,82,5
2024-10-23,laptop,87,6
2024-10-24,mouse,72,3
2024-10-25,mouse,86,7
2024-10-26,pen,58,2
2024-10-27,phone,99,7
2024-10-28,mouse,91,5
2024-10-29,book,23,7
2024-10-30,book,76,8
2024-10-31,pen,56,8
2024-11-01,pen,98,4
2024-11-02,mouse,56,6
2024-11-03,pen,47,4
2024-11-04,pen,22,8
2024-11-05,phone,66,9
2024-11-06,mouse,88,3
2024-11-07,laptop,89,3
2024-11-08,phone,81,2
2024-11-09,mouse,93,2
2024-11-10,book,66,9
2024-11-11,phone,15,4
2024-11-12,pen,76,4
2024-11-13,phone,22,7
2024-11-14,mouse,80,5
2024-11-15,mouse,29,1
2024-11-16,phone,47,1
2024-11-17,phone,97,1
2024-11-18,book,92,2
2024-11-19,mouse,61,3
2024-11-20,book,72,7
2024-11-21,mouse,30,7
2024-11-22,phone,25,2
2024-11-23,phone,16,8
2024-11-24,pen,71,7
2024-11-25,pen,60,8
2024-11-26,laptop,30,5
2024-11-27,pen,59,5
2024-11-28,pen,44,7
2024-11-29,book,27,9
2024-11-30,phone,53,1
2024-12-01,mouse,98,3
2024-12-02,book,89,6
2024-12-03,phone,58,3
2024-12-04,book,75,5
2024-12-05,mouse,14,3
2024-12-06,laptop,59,2
2024-12-07,laptop,87,5
2024-12-08,pen,95,2
2024-12-09,mouse,16,8
2024-12-10,pen,45,7
2024-12-11,mouse,47,9
2024-12-12,book,42,4
2024-12-13,mouse,59,4
2024-12-14,laptop,60,5
2024-12-15,phone,63,1
2024-12-16,book,99,3
2024-12-17,pen,37,7
2024-12-18,phone,72,4
2024-12-19,book,93,9
2024-12-20,laptop,95,6
2024-12-21,phone,12,3
2024-12-22,book,12,2
2024-12-23,mouse,42,3
2024-12-24,phone,37,1
2024-12-25,mouse,32,5
2024-12-26,laptop,29,6
2024-12-27,phone,90,4
2024-12-28,mouse,77,9
2024-12-29,pen,96,7
2024-12-30,book,33,7
2024-12-31,phone,58,7
2025-01-01,laptop,37,3
2025-01-02,pen,54,6
2025-01-03,laptop,19,5
2025-01-04,phone,21,8
2025-01-05,pen,81,7
2025-01-06,phone,19,2
2025-01-07,phone,15,2
2025-01-08,laptop,45,1
2025-01-09,laptop,29,9
2025-01-10,phone,20,3
2025-01-11,pen,64,7
2025-01-12,mouse,31,9
2025-01-13,mouse,21,4
2025-01-14,laptop,16,8
2025-01-15,mouse,70,2
2025-01-16,book,89,7
2025-01-17,laptop,24,8
2025-01-18,pen,16,2
2025-01-19,pen,18,4
2025-01-20,phone,10,3
2025-01-21,laptop,48,6
2025-01-22,book,23,6
2025-01-23,book,72,2
2025-01-24,pen,76,9
2025-01-25,pen,50,1
2025-01-26,book,20,4
2025-01-27,book,55,1
2025-01-28,laptop,69,2
2025-01-29,book,28,1
2025-01-30,book,92,9
2025-01-31,book,47,6
2025-02-01,mouse,95,4
2025-02-02,mouse,45,2
2025-02-03,book,61,5
2025-02-04,phone,33,6
2025-02-05,book,89,4
2025-02-06,pen,56,5
2025-02-07,pen,83,5
2025-02-08,book,49,4
2025-02-09,laptop,16,8
2025-02-10,laptop,66,5
2025-02-11,mouse,79,5
2025-02-12,phone,24,4
2025-02-13,phone,94,6
2025-02-14,phone,56,9
2025-02-15,phone,79,9
2025-02-16,pen,37,4
2025-02-17,pen,45,7
2025-02-18,pen,22,6
2025-02-19,phone,13,2
2025-02-20,mouse,96,6
2025-02-21,phone,32,7
2025-02-22,phone,40,3
2025-02-23,mouse,56,9
2025-02-24,laptop,82,4
2025-02-25,book,69,5
2025-02-26,laptop,12,5
2025-02-27,phone,91,2
2025-02-28,mouse,75,7
2025-03-01,mouse,93,5
2025-03-02,phone,10,4
2025-03-03,phone,12,7
2025-03-04,laptop,57,1
2025-03-05,pen,21,2
2025-03-06,pen,13,5
2025-03-07,laptop,45,3
2025-03-08,laptop,76,6
2025-03-09,pen,89,8
2025-03-10,laptop,61,2
2025-03-11,book,92,7
2025-03-12,phone,22,4
2025-03-13,pen,76,1
2025-03-14,laptop,34,5
2025-03-15,pen,14,7
2025-03-16,phone,31,4
2025-03-17,mouse,68,3
2025-03-18,mouse,57,3
2025-03-19,phone,21,1
2025-03-20,laptop,32,1
2025-03-21,pen,89,1
2025-03-22,pen,99,9
2025-03-23,phone,65,6
2025-03-24,laptop,13,3
2025-03-25,mouse,42,3
2025-03-26,mouse,63,3
2025-03-27,book,36,2
2025-03-28,mouse,37,7
2025-03-29,pen,44,1
2025-03-30,pen,67,3
2025-03-31,pen,12,5
2025-04-01,mouse,57,9
2025-04-02,mouse,93,4
2025-04-03,phone,72,5
2025-04-04,pen,47,9
2025-04-05,mouse,95,7
2025-04-06,book,46,1
2025-04-07,book,18,4
2025-04-08,phone,89,4
2025-04-09,book,54,1
2025-04-10,laptop,79,3
2025-04-11,laptop,31,6
2025-04-12,phone,49,5
2025-04-13,book,72,3
2025-04-14,phone,24,9
2025-04-15,laptop,37,7
2025-04-16,laptop,42,9
2025-04-17,book,67,9
2025-04-18,mouse,58,3
2025-04-19,mouse,63,8
2025-04-20,book,14,4
2025-04-21,pen,72,8
2025-04-22,phone,56,7
2025-04-23,laptop,12,9
2025-04-24,phone,87,6
2025-04-25,laptop,86,9
2025-04-26,laptop,43,7
2025-04-27,pen,80,4
2025-04-28,book,36,9
2025-04-29,phone,87,4
2025-04-30,pen,49,7
2025-05-01,mouse,36,2
2025-05-02,book,42,5
2025-05-03,phone,91,5
2025-05-04,book,96,6
2025-05-05,laptop,70,9
2025-05-06,mouse,68,5
2025-05-07,pen,56,4
2025-05-08,pen,40,3
2025-05-09,mouse,55,2
2025-05-10,phone,73,1
2025-05-11,mouse,23,4
2025-05-12,laptop,14,9
2025-05-13,book,97,5
2025-05-14,laptop,34,8
2025-05-15,book,23,4
2025-05-16,phone,66,4
2025-05-17,laptop,18,3
2025-05-18,mouse,56,8
2025-05-19,laptop,16,7
2025-05-20,laptop,90,8
2025-05-21,mouse,57,6
2025-05-22,pen,50,7
2025-05-23,phone,15,6
2025-05-24,laptop,99,5
2025-05-25,pen,53,8
2025-05-26,laptop,56,9
2025-05-27,laptop,57,3
2025-05-28,book,43,6
2025-05-29,pen,40,3
2025-05-30,phone,92,8
2025-05-31,book,14,8
2025-06-01,mouse,89,4
2025-06-02,laptop,45,8
2025-06-03,book,99,7
2025-06-04,pen,45,5
2025-06-05,laptop,95,3
2025-06-06,pen,77,8
2025-06-07,phone,35,4
2025-06-08,mouse,12,9
2025-06-09,mouse,64,1
2025-06-10,laptop,23,9
2025-06-11,book,76,5
2025-06-12,book,51,3
2025-06-13,phone,65,7
2025-06-14,laptop,54,9
2025-06-15,laptop,66,2
2025-06-16,phone,13,1
2025-06-17,laptop,65,3
2025-06-18,book,27,2
2025-06-19,phone,26,4
2025-06-20,pen,38,5
2025-06-21,phone,27,1
2025-06-22,book,29,8
2025-06-23,laptop,17,6
2025-06-24,laptop,87,8
2025-06-25,mouse,99,8
2025-06-26,book,13,1
2025-06-27,book,63,4
2025-06-28,phone,86,8
2025-06-29,mouse,60,1
2025-06-30,pen,23,6
2025-07-01,mouse,94,4
2025-07-02,book,23,3
2025-07-03,mouse,54,3
2025-07-04,laptop,52,5
2025-07-05,pen,17,3
2025-07-06,mouse,21,3
2025-07-07,pen,98,1
2025-07-08,mouse,29,5
2025-07-09,mouse,66,3
2025-07-10,pen,61,6
2025-07-11,laptop,36,1
2025-07-12,mouse,91,1
2025-07-13,pen,81,6
2025-07-14,laptop,39,1
2025-07-15,book,74,5
2025-07-16,book,16,8
2025-07-17,phone,95,2
2025-07-18,book,33,4
2025-07-19,phone,49,8
2025-07-20,phone,67,5
2025-07-21,book,79,7
2025-07-22,pen,38,7
2025-07-23,phone,73,2
2025-07-24,phone,47,5
2025-07-25,book,50,2
2025-07-26,mouse,61,8
2025-07-27,mouse,88,7
2025-07-28,laptop,87,6
2025-07-29,laptop,70,2
2025-07-30,phone,88,7
2025-07-31,book,28,3
2025-08-01,laptop,13,5
2025-08-02,mouse,78,3
2025-08-03,book,39,2
2025-08-04,pen,26,8
2025-08-05,mouse,33,6
2025-08-06,phone,75,8
2025-08-07,pen,60,1
2025-08-08,pen,56,5
2025-08-09,phone,67,9
2025-08-10,phone,63,8
2025-08-11,book,23,1
2025-08-12,pen,28,4
2025-08-13,pen,64,7
2025-08-14,laptop,50,8
2025-08-15,pen,36,8
2025-08-16,mouse,49,4
2025-08-17,mouse,34,5
2025-08-18,pen,82,7
2025-08-19,laptop,16,8
2025-08-20,mouse,87,5
2025-08-21,phone,30,5
2025-08-22,book,48,1
2025-08-23,mouse,64,8
2025-08-24,laptop,26,1
2025-08-25,pen,79,9
2025-08-26,laptop,52,8
2025-08-27,book,38,5
2025-08-28,phone,50,3
2025-08-29,book,81,4
2025-08-30,book,84,8
2025-08-31,book,79,9
2025-09-01,laptop,55,2
2025-09-02,laptop,39,5
2025-09-03,book,26,7
2025-09-04,book,51,3
2025-09-05,mouse,57,8
2025-09-06,laptop,54,6
2025-09-07,laptop,56,2
2025-09-08,pen,75,3
2025-09-09,book,89,4
2025-09-10,book,23,3
2025-09-11,pen,92,7
2025-09-12,laptop,80,8
2025-09-13,book,47,2
2025-09-14,mouse,10,8
2025-09-15,phone,60,4
2025-09-16,pen,35,1
2025-09-17,pen,17,9
2025-09-18,pen,15,8
2025-09-19,phone,41,9
2025-09-20,mouse,88,9
2025-09-21,pen,38,9
2025-09-22,book,69,4
2025-09-23,mouse,77,4
2025-09-24,laptop,16,2
2025-09-25,pen,48,7
2025-09-26,pen,68,9
2025-09-27,pen,61,3
2025-09-28,phone,15,9
2025-09-29,book,64,3
2025-09-30,laptop,30,1
2025-10-01,pen,39,9
2025-10-02,book,50,1
2025-10-03,mouse,51,5
2025-10-04,laptop,89,4
2025-10-05,mouse,67,1
2025-10-06,pen,24,6
2025-10-07,pen,24,2
2025-10-08,pen,48,9
2025-10-09,book,31,3
2025-10-10,pen,59,7
2025-10-11,laptop,77,8
2025-10-12,pen,91,2
2025-10-13,book,52,3
2025-10-14,mouse,47,2
2025-10-15,phone,33,7
2025-10-16,pen,79,1
2025-10-17,laptop,46,3
2025-10-18,book,26,4
2025-10-19,phone,16,4
2025-10-20,pen,67,6
2025-10-21,laptop,37,7
2025-10-22,pen,15,9
2025-10-23,phone,39,5
2025-10-24,book,38,6
2025-10-25,laptop,90,3
2025-10-26,mouse,71,4
2025-10-27,book,27,2
2025-10-28,laptop,82,1
2025-10-29,phone,91,3
2025-10-30,pen,61,5
2025-10-31,mouse,82,7
2025-11-01,mouse,51,4
2025-11-02,book,28,1
2025-11-03,pen,43,6
2025-11-04,mouse,49,7
2025-11-05,phone,13,6
2025-11-06,laptop,26,3
2025-11-07,pen,45,4
2025-11-08,pen,98,9
2025-11-09,phone,57,2
2025-11-10,phone,85,8
2025-11-11,book,11,1
2025-11-12,mouse,40,8
2025-11-13,book,58,2
2025-11-14,phone,71,2
2025-11-15,pen,64,4
2025-11-16,pen,25,6
2025-11-17,mouse,55,5
2025-11-18,book,89,6
2025-11-19,phone,38,3
2025-11-20,phone,42,6
2025-11-21,pen,10,2
2025-11-22,mouse,13,7
2025-11-23,book,87,5
2025-11-24,laptop,88,4
2025-11-25,laptop,38,5
2025-11-26,laptop,98,9
2025-11-27,pen,73,6
2025-11-28,pen,91,3
2025-11-29,mouse,24,9
2025-11-30,laptop,88,8
2025-12-01,pen,97,5
2025-12-02,mouse,68,4
2025-12-03,laptop,24,9
2025-12-04,phone,51,3
2025-12-05,mouse,50,8
2025-12-06,mouse,56,8
2025-12-07,book,36,6
2025-12-08,laptop,42,4
2025-12-09,phone,28,6
2025-12-10,mouse,94,6
2025-12-11,mouse,23,3
2025-12-12,book,99,6
2025-12-13,laptop,15,6
2025-12-14,pen,21,2
2025-12-15,laptop,33,5
2025-12-16,book,51,3
2025-12-17,phone,97,3
2025-12-18,pen,72,2
2025-12-19,phone,14,5
2025-12-20,laptop,53,7
2025-12-21,book,19,9
2025-12-22,phone,25,3
2025-12-23,mouse,50,1
2025-12-24,laptop,34,5
2025-12-25,pen,67,2
2025-12-26,pen,88,1
2025-12-27,laptop,38,5
2025-12-28,mouse,80,9
2025-12-29,laptop,16,6
2025-12-30,phone,62,8
2025-12-31,pen,33,4
2026-01-01,pen,11,2
2026-01-02,mouse,57,3
2026-01-03,mouse,40,5
2026-01-04,laptop,11,8
2026-01-05,pen,13,3
2026-01-06,pen,23,9
2026-01-07,phone,63,7
2026-01-08,book,60,9
2026-01-09,laptop,60,6
2026-01-10,laptop,92,8
2026-01-11,pen,55,5
2026-01-12,book,64,3
2026-01-13,laptop,96,3
2026-01-14,phone,70,8
2026-01-15,mouse,50,1
2026-01-16,pen,39,1
2026-01-17,pen,16,4
2026-01-18,laptop,21,7
2026-01-19,book,15,6
2026-01-20,mouse,30,8
2026-01-21,pen,97,1
2026-01-22,laptop,85,6
2026-01-23,pen,19,6
2026-01-24,mouse,22,1
2026-01-25,laptop,48,2
2026-01-26,laptop,86,1
2026-01-27,mouse,54,4
2026-01-28,book,32,8
2026-01-29,pen,41,6
2026-01-30,book,65,5
2026-01-31,pen,77,7
2026-02-01,pen,72,6
2026-02-02,mouse,29,5
2026-02-03,laptop,40,4
2026-02-04,pen,18,4
2026-02-05,phone,73,3
2026-02-06,phone,94,3
2026-02-07,pen,28,4
2026-02-08,book,55,2
2026-02-09,laptop,19,9
2026-02-10,book,59,9
2026-02-11,phone,28,6
2026-02-12,laptop,53,4
2026-02-13,laptop,42,9
2026-02-14,phone,43,9
2026-02-15,mouse,38,3
2026-02-16,laptop,83,1
2026-02-17,mouse,50,8
2026-02-18,laptop,10,3
2026-02-19,phone,54,4
2026-02-20,book,72,1
2026-02-21,phone,47,4
2026-02-22,laptop,20,1
2026-02-23,mouse,35,6
2026-02-24,mouse,15,9
2026-02-25,phone,76,3
2026-02-26,pen,64,9
2026-02-27,book,52,9
2026-02-28,pen,67,2
2026-03-01,laptop,70,9
2026-03-02,pen,18,7
2026-03-03,laptop,13,2
2026-03-04,phone,11,1
2026-03-05,mouse,57,4
2026-03-06,phone,56,9
2026-03-07,phone,23,5
2026-03-08,laptop,19,1
2026-03-09,mouse,69,5
2026-03-10,phone,51,5
2026-03-11,book,79,2
2026-03-12,phone,47,9
2026-03-13,laptop,19,5
2026-03-14,mouse,34,8
2026-03-15,mouse,35,3
2026-03-16,pen,10,7
2026-03-17,mouse,45,5
2026-03-18,phone,82,1
2026-03-19,book,80,8
2026-03-20,mouse,61,8
2026-03-21,pen,25,8
2026-03-22,mouse,56,1
2026-03-23,phone,81,6
2026-03-24,pen,81,2
2026-03-25,mouse,46,4
2026-03-26,laptop,18,9
2026-03-27,laptop,40,2
2026-03-28,pen,98,1
2026-03-29,mouse,97,5
2026-03-30,phone,92,8
2026-03-31,laptop,63,7
2026-04-01,pen,95,4
2026-04-02,book,42,2
2026-04-03,mouse,96,8
2026-04-04,laptop,35,8
2026-04-05,mouse,85,5
2026-04-06,book,61,5
2026-04-07,mouse,52,8
2026-04-08,book,45,7
2026-04-09,book,41,1
2026-04-10,pen,40,4
2026-04-11,mouse,85,8
2026-04-12,laptop,40,7
2026-04-13,pen,69,2
2026-04-14,phone,38,2
2026-04-15,mouse,34,6
2026-04-16,book,66,3
2026-04-17,mouse,49,1
2026-04-18,pen,39,9
2026-04-19,phone,34,6
2026-04-20,pen,24,8
2026-04-21,phone,58,6
2026-04-22,book,92,8
2026-04-23,laptop,73,7
2026-04-24,mouse,50,8
2026-04-25,pen,23,6
2026-04-26,laptop,67,3
2026-04-27,laptop,49,5
2026-04-28,mouse,70,5
2026-04-29,mouse,94,5
2026-04-30,laptop,93,1
2026-05-01,pen,73,9
2026-05-02,laptop,17,8
2026-05-03,pen,76,7
2026-05-04,mouse,37,1
2026-05-05,phone,16,7
2026-05-06,pen,31,4
2026-05-07,laptop,70,7
2026-05-08,laptop,13,4
2026-05-09,phone,61,9
2026-05-10,book,37,9
2026-05-11,mouse,67,1
2026-05-12,pen,85,7
2026-05-13,phone,96,9
2026-05-14,book,37,5
2026-05-15,pen,78,1
2026-05-16,mouse,86,9
2026-05-17,laptop,51,1
2026-05-18,laptop,68,7
2026-05-19,book,26,4
2026-05-20,pen,82,7
2026-05-21,pen,14,7
2026-05-22,mouse,61,2
2026-05-23,pen,67,3
2026-05-24,book,79,1
2026-05-25,mouse,11,3
2026-05-26,phone,28,9
2026-05-27,book,39,7
2026-05-28,pen,67,1
2026-05-29,mouse,41,9
2026-05-30,phone,68,9
2026-05-31,phone,32,7
2026-06-01,book,19,2
2026-06-02,mouse,12,8
2026-06-03,pen,84,8
2026-06-04,book,31,3
2026-06-05,laptop,50,1
2026-06-06,phone,53,9
2026-06-07,phone,76,3
2026-06-08,book,75,6
2026-06-09,phone,76,6
2026-06-10,phone,98,9
2026-06-11,mouse,57,3
2026-06-12,phone,90,4
2026-06-13,book,76,5
2026-06-14,book,22,7
2026-06-15,laptop,34,9
2026-06-16,mouse,90,2
2026-06-17,laptop,33,4
2026-06-18,laptop,61,4
2026-06-19,pen,26,6
2026-06-20,book,18,1
2026-06-21,phone,18,6
2026-06-22,phone,53,2
2026-06-23,phone,22,4
2026-06-24,book,80,2
2026-06-25,laptop,14,5
2026-06-26,mouse,69,5
2026-06-27,pen,84,8
2026-06-28,book,95,5
2026-06-29,phone,31,8
2026-06-30,pen,40,7
2026-07-01,phone,14,7
2026-07-02,mouse,60,6
2026-07-03,pen,33,1
2026-07-04,mouse,29,6
2026-07-05,laptop,79,8
2026-07-06,mouse,98,1
2026-07-07,laptop,11,7
2026-07-08,mouse,57,2
2026-07-09,mouse,34,7
2026-07-10,laptop,14,6
2026-07-11,phone,92,6
2026-07-12,laptop,18,7
2026-07-13,mouse,27,1
2026-07-14,mouse,99,2
2026-07-15,mouse,29,8
2026-07-16,mouse,70,7
2026-07-17,laptop,55,8
2026-07-18,mouse,36,8
2026-07-19,mouse,91,7
2026-07-20,mouse,16,5
2026-07-21,phone,19,9
2026-07-22,laptop,70,6
2026-07-23,phone,26,8
2026-07-24,laptop,18,2
2026-07-25,laptop,15,5
2026-07-26,laptop,56,8
2026-07-27,mouse,59,6
2026-07-28,phone,67,2
2026-07-29,phone,96,8
2026-07-30,phone,58,3
2026-07-31,book,59,6
2026-08-01,mouse,48,1
2026-08-02,phone,87,7
2026-08-03,phone,39,8
2026-08-04,laptop,94,1
2026-08-05,mouse,97,2
2026-08-06,mouse,66,9
2026-08-07,book,49,8
2026-08-08,pen,28,4
2026-08-09,laptop,23,8
2026-08-10,pen,90,5
2026-08-11,laptop,95,5
2026-08-12,laptop,14,3
2026-08-13,mouse,67,4
2026-08-14,phone,36,4
2026-08-15,mouse,86,4
2026-08-16,book,80,4
2026-08-17,laptop,75,8
2026-08-18,pen,46,6
2026-08-19,pen,97,9
2026-08-20,laptop,35,5
2026-08-21,phone,86,6
2026-08-22,mouse,70,2
2026-08-23,mouse,76,1
2026-08-24,mouse,11,6
2026-08-25,laptop,43,6
2026-08-26,book,28,9
2026-08-27,phone,42,5
2026-08-28,phone,51,9
2026-08-29,book,17,5
2026-08-30,laptop,61,3
2026-08-31,pen,38,6
2026-09-01,book,54,3
2026-09-02,mouse,77,4
2026-09-03,phone,99,7
2026-09-04,phone,52,3
2026-09-05,phone,63,3
2026-09-06,pen,55,5
2026-09-07,phone,25,5
2026-09-08,pen,98,8
2026-09-09,book,48,7
2026-09-10,laptop,95,8
2026-09-11,mouse,36,2
2026-09-12,book,73,1
2026-09-13,book,87,4
2026-09-14,phone,43,5
2026-09-15,book,55,4
2026-09-16,pen,38,6
2026-09-17,mouse,10,6
2026-09-18,phone,76,5
2026-09-19,phone,86,3
2026-09-20,book,34,6
2026-09-21,book,77,1
2026-09-22,pen,61,3
2026-09-23,book,17,5
2026-09-24,phone,51,6
2026-09-25,laptop,64,2
2026-09-26,phone,34,1
2026-09-27,book,45,2
2026-09-28,phone,64,8
2026-09-29,laptop,40,1
2026-09-30,phone,83,3
2026-10-01,mouse,49,4
2026-10-02,phone,63,9
2026-10-03,mouse,82,9
2026-10-04,mouse,68,9
2026-10-05,pen,72,3
2026-10-06,phone,64,1
2026-10-07,laptop,95,7
2026-10-08,pen,46,5
2026-10-09,mouse,64,8
2026-10-10,phone,15,9
2026-10-11,pen,90,9
2026-10-12,mouse,97,2
2026-10-13,book,40,9
2026-10-14,mouse,17,6
2026-10-15,phone,83,1
2026-10-16,pen,89,3
2026-10-17,book,38,4
2026-10-18,book,11,3
2026-10-19,phone,37,3
2026-10-20,pen,29,4
2026-10-21,book,93,2
2026-10-22,book,19,8
2026-10-23,book,42,4
2026-10-24,book,74,6
2026-10-25,laptop,41,7
2026-10-26,laptop,75,2
2026-10-27,book,99,7
2026-10-28,mouse,65,7
2026-10-29,book,33,4
2026-10-30,laptop,69,7
2026-10-31,phone,89,7
2026-11-01,mouse,10,2
2026-11-02,pen,72,8
2026-11-03,laptop,81,4
2026-11-04,mouse,87,5
2026-11-05,phone,28,2
2026-11-06,laptop,20,2
2026-11-07,mouse,62,5
2026-11-08,phone,10,2
2026-11-09,book,48,9
2026-11-10,pen,51,6
2026-11-11,phone,41,2
2026-11-12,pen,29,6
2026-11-13,phone,76,7
2026-11-14,laptop,67,8
2026-11-15,phone,19,9
2026-11-16,book,20,1
2026-11-17,laptop,47,6
2026-11-18,phone,92,8
2026-11-19,phone,68,2
2026-11-20,laptop,55,1
2026-11-21,phone,11,4
2026-11-22,phone,12,3
2026-11-23,book,40,7
2026-11-24,book,46,9
2026-11-25,laptop,35,7
2026-11-26,pen,29,9
2026-11-27,phone,26,3
2026-11-28,mouse,19,4
2026-11-29,laptop,69,2
2026-11-30,pen,17,9
2026-12-01,laptop,46,4
2026-12-02,book,87,8
2026-12-03,laptop,42,2
2026-12-04,phone,88,7
2026-12-05,phone,76,7
2026-12-06,book,31,9
2026-12-07,book,75,3
2026-12-08,book,80,3
2026-12-09,book,21,6
2026-12-10,phone,32,3
2026-12-11,phone,18,8
2026-12-12,phone,11,3
2026-12-13,laptop,47,3
2026-12-14,phone,98,9
2026-12-15,laptop,85,3
2026-12-16,mouse,67,9
2026-12-17,mouse,52,3
2026-12-18,phone,25,1
2026-12-19,book,41,8
2026-12-20,book,11,2
2026-12-21,mouse,14,5
2026-12-22,laptop,26,7
2026-12-23,book,23,9
2026-12-24,pen,27,6
2026-12-25,phone,55,8
2026-12-26,laptop,47,9
2026-12-27,mouse,75,9
2026-12-28,laptop,23,7
2026-12-29,book,10,6
2026-12-30,mouse,59,4
2026-12-31,laptop,22,4
2027-01-01,phone,46,8
2027-01-02,pen,18,9
2027-01-03,phone,62,3
2027-01-04,laptop,66,2
2027-01-05,pen,64,5
2027-01-06,laptop,32,2
2027-01-07,book,57,5
2027-01-08,phone,61,8
2027-01-09,laptop,91,5
2027-01-10,book,42,9
2027-01-11,phone,84,3
2027-01-12,phone,66,4
2027-01-13,laptop,60,4
2027-01-14,laptop,50,9
2027-01-15,phone,34,4
2027-01-16,book,59,1
2027-01-17,pen,61,3
2027-01-18,book,59,6
2027-01-19,laptop,32,7
2027-01-20,pen,11,7
2027-01-21,book,86,4
2027-01-22,book,45,2
2027-01-23,laptop,68,7
2027-01-24,mouse,68,6
2027-01-25,mouse,20,8
2027-01-26,book,44,4
2027-01-27,laptop,29,8
2027-01-28,pen,72,8
2027-01-29,book,61,1
2027-01-30,pen,33,8
2027-01-31,phone,87,4
2027-02-01,book,48,6
2027-02-02,book,73,7
2027-02-03,phone,54,8
2027-02-04,mouse,62,6
2027-02-05,pen,22,6
2027-02-06,phone,25,2
2027-02-07,pen,76,1
2027-02-08,pen,12,6
2027-02-09,mouse,21,2
2027-02-10,laptop,19,2
2027-02-11,mouse,97,6
2027-02-12,book,63,2
2027-02-13,phone,17,6
2027-02-14,book,58,9
2027-02-15,pen,77,5
2027-02-16,pen,12,8
2027-02-17,book,62,4
2027-02-18,phone,34,6
2027-02-19,pen,58,7
2027-02-20,laptop,95,8
2027-02-21,laptop,52,8
2027-02-22,mouse,22,3
2027-02-23,book,40,1
2027-02-24,book,17,6
2027-02-25,laptop,81,7
2027-02-26,laptop,34,4
2027-02-27,mouse,78,1
2027-02-28,phone,16,1
2027-03-01,mouse,89,8
2027-03-02,mouse,98,9
2027-03-03,book,67,8
2027-03-04,phone,16,8
2027-03-05,mouse,70,7
2027-03-06,phone,35,8
2027-03-07,pen,31,3
2027-03-08,mouse,89,3
2027-03-09,mouse,62,7
2027-03-10,phone,75,4
2027-03-11,book,29,2
2027-03-12,mouse,22,6
2027-03-13,laptop,72,8
2027-03-14,mouse,90,4
2027-03-15,book,97,6
2027-03-16,pen,84,8
2027-03-17,mouse,39,1
2027-03-18,pen,97,5
2027-03-19,mouse,83,2
2027-03-20,book,83,3
2027-03-21,pen,78,5
2027-03-22,pen,91,3
2027-03-23,mouse,26,5
2027-03-24,book,85,2
2027-03-25,phone,75,4
2027-03-26,laptop,75,6
2027-03-27,laptop,51,5
2027-03-28,mouse,41,9
2027-03-29,pen,59,7
2027-03-30,mouse,73,2
2027-03-31,mouse,33,2
2027-04-01,pen,79,6
2027-04-02,pen,79,4
2027-04-03,book,12,2
2027-04-04,pen,79,3
2027-04-05,laptop,39,2
2027-04-06,mouse,74,8
2027-04-07,phone,65,1
2027-04-08,laptop,28,3
2027-04-09,phone,10,3
2027-04-10,phone,97,7
2027-04-11,pen,50,1
2027-04-12,pen,66,1
2027-04-13,phone,75,5
2027-04-14,book,74,9
2027-04-15,phone,97,7
2027-04-16,pen,51,2
2027-04-17,phone,83,9
2027-04-18,phone,16,7
2027-04-19,pen,79,8
2027-04-20,phone,77,9
2027-04-21,phone,43,6
2027-04-22,laptop,39,5
2027-04-23,pen,94,1
2027-04-24,mouse,41,6
2027-04-25,laptop,45,6
2027-04-26,book,77,2
2027-04-27,laptop,26,1
2027-04-28,pen,37,7
2027-04-29,mouse,58,4
2027-04-30,book,83,9
2027-05-01,book,76,3
2027-05-02,phone,73,4
2027-05-03,phone,49,8
2027-05-04,pen,27,2
2027-05-05,mouse,28,4
2027-05-06,book,40,6
2027-05-07,mouse,48,6
2027-05-08,phone,67,5
2027-05-09,book,73,5
2027-05-10,mouse,26,6
2027-05-11,laptop,81,5
2027-05-12,laptop,60,3
2027-05-13,phone,30,9
2027-05-14,mouse,79,7
2027-05-15,mouse,17,3
2027-05-16,book,85,2
2027-05-17,book,78,9
2027-05-18,book,13,3
2027-05-19,book,57,9
2027-05-20,pen,88,5
2027-05-21,mouse,65,4
2027-05-22,laptop,51,2
2027-05-23,mouse,12,9
2027-05-24,pen,98,9
2027-05-25,laptop,70,6
2027-05-26,phone,43,9
2027-05-27,mouse,90,6
2027-05-28,laptop,29,5
2027-05-29,book,47,4
2027-05-30,pen,77,8
2027-05-31,phone,17,9
2027-06-01,laptop,93,5
2027-06-02,phone,49,4
2027-06-03,pen,97,1
2027-06-04,pen,88,9
2027-06-05,laptop,37,3
2027-06-06,laptop,25,4
2027-06-07,laptop,44,9
2027-06-08,pen,79,6
2027-06-09,phone,35,1
2027-06-10,mouse,76,3
2027-06-11,laptop,67,1
2027-06-12,phone,14,6
2027-06-13,book,83,9
2027-06-14,laptop,51,7
2027-06-15,book,95,6
2027-06-16,pen,30,4
2027-06-17,book,43,8
2027-06-18,pen,78,8
2027-06-19,phone,36,4
2027-06-20,mouse,42,6
2027-06-21,laptop,51,8
2027-06-22,pen,89,1
2027-06-23,book,82,4
2027-06-24,book,11,5
2027-06-25,laptop,35,3
2027-06-26,laptop,16,5
2027-06-27,book,54,2
2027-06-28,book,26,4
2027-06-29,laptop,36,5
2027-06-30,mouse,68,2
2027-07-01,laptop,69,7
2027-07-02,laptop,23,1
2027-07-03,mouse,49,6
2027-07-04,phone,88,9
2027-07-05,phone,44,3
2027-07-06,mouse,14,6
2027-07-07,book,80,1
2027-07-08,laptop,93,3
2027-07-09,mouse,95,4
2027-07-10,pen,84,9
2027-07-11,mouse,21,1
2027-07-12,book,60,4
2027-07-13,book,63,2
2027-07-14,laptop,13,8
2027-07-15,book,69,9
2027-07-16,laptop,57,1
2027-07-17,mouse,99,9
2027-07-18,laptop,25,1
2027-07-19,book,79,9
2027-07-20,pen,90,7
2027-07-21,phone,65,7
2027-07-22,laptop,52,7
2027-07-23,laptop,74,8
2027-07-24,laptop,17,2
2027-07-25,pen,31,9
2027-07-26,laptop,56,3
2027-07-27,book,55,3
2027-07-28,pen,56,4
2027-07-29,pen,42,8
2027-07-30,pen,59,1
2027-07-31,mouse,47,4
2027-08-01,pen,31,4
2027-08-02,laptop,26,9
2027-08-03,pen,42,7
2027-08-04,phone,47,9
2027-08-05,mouse,52,6
2027-08-06,pen,59,3
2027-08-07,book,20,7
2027-08-08,book,86,2
2027-08-09,laptop,66,9
2027-08-10,phone,78,2
2027-08-11,book,33,4
2027-08-12,phone,20,1
2027-08-13,pen,87,5
2027-08-14,book,40,3
2027-08-15,pen,80,4
2027-08-16,laptop,29,2
2027-08-17,laptop,54,4
2027-08-18,phone,25,5
2027-08-19,laptop,56,6
2027-08-20,laptop,59,2
2027-08-21,book,70,2
2027-08-22,mouse,32,8
2027-08-23,phone,69,9
2027-08-24,phone,12,4
2027-08-25,laptop,23,1
2027-08-26,pen,99,3
2027-08-27,laptop,10,4
2027-08-28,phone,27,8
2027-08-29,laptop,38,3
2027-08-30,mouse,20,5
2027-08-31,laptop,15,4
2027-09-01,mouse,89,8
2027-09-02,pen,91,1
2027-09-03,pen,95,9
2027-09-04,mouse,27,7
2027-09-05,book,97,6
2027-09-06,mouse,56,7
2027-09-07,mouse,73,6
2027-09-08,book,11,1
2027-09-09,book,37,9
2027-09-10,book,70,5
2027-09-11,phone,38,2
2027-09-12,pen,58,3
2027-09-13,mouse,47,7
2027-09-14,phone,91,9
2027-09-15,laptop,53,4
2027-09-16,book,19,3
2027-09-17,pen,21,1
2027-09-18,laptop,34,8
2027-09-19,mouse,95,6
2027-09-20,pen,45,7
2027-09-21,book,92,8
2027-09-22,laptop,24,7
2027-09-23,mouse,54,8
2027-09-24,phone,90,2
2027-09-25,pen,54,2
2027-09-26,book,91,9
2027-09-27,mouse,43,4
2027-09-28,book,14,7
2027-09-29,pen,30,8
2027-09-30,mouse,77,2
2027-10-01,pen,44,9
2027-10-02,laptop,79,7
2027-10-03,mouse,88,6
2027-10-04,mouse,39,7
2027-10-05,laptop,80,6
2027-10-06,pen,53,1
2027-10-07,mouse,31,6
2027-10-08,book,48,7
2027-10-09,pen,72,2
2027-10-10,mouse,86,7
2027-10-11,mouse,85,5
2027-10-12,phone,98,4
2027-10-13,laptop,70,2
2027-10-14,mouse,27,9
2027-10-15,phone,92,5
2027-10-16,phone,84,7
2027-10-17,pen,90,8
2027-10-18,phone,40,2
2027-10-19,phone,87,4
2027-10-20,mouse,20,2
2027-10-21,mouse,84,7
2027-10-22,laptop,48,1
2027-10-23,book,85,3
2027-10-24,pen,14,4
2027-10-25,phone,87,8
2027-10-26,book,27,6
2027-10-27,mouse,33,7
2027-10-28,phone,58,8
2027-10-29,book,73,6
2027-10-30,mouse,34,6
2027-10-31,pen,42,8
2027-11-01,phone,49,3
2027-11-02,book,66,1
2027-11-03,phone,31,6
2027-11-04,pen,63,9
2027-11-05,mouse,19,4
2027-11-06,laptop,59,1
2027-11-07,pen,55,5
2027-11-08,pen,73,2
2027-11-09,mouse,41,5
2027-11-10,mouse,37,5
2027-11-11,book,97,3
2027-11-12,phone,63,1
2027-11-13,book,39,6
2027-11-14,book,15,7
2027-11-15,book,18,6
2027-11-16,phone,56,3
2027-11-17,pen,66,3
2027-11-18,pen,73,3
2027-11-19,phone,29,3
2027-11-20,pen,50,9
2027-11-21,mouse,25,6
2027-11-22,phone,83,3
2027-11-23,book,52,7
2027-11-24,laptop,40,4
2027-11-25,phone,26,2
2027-11-26,laptop,62,6
2027-11-27,book,34,8
2027-11-28,book,97,2
2027-11-29,phone,20,6
2027-11-30,phone,98,6
2027-12-01,phone,21,7
2027-12-02,phone,54,8
2027-12-03,laptop,55,6
2027-12-04,pen,45,2
2027-12-05,laptop,34,7
2027-12-06,phone,64,1
2027-12-07,phone,83,5
2027-12-08,pen,49,1
2027-12-09,laptop,61,5
2027-12-10,mouse,66,3
2027-12-11,book,32,6
2027-12-12,mouse,72,7
2027-12-13,pen,76,9
2027-12-14,phone,45,5
2027-12-15,book,37,3
2027-12-16,phone,70,5
2027-12-17,mouse,16,2
2027-12-18,laptop,99,9
2027-12-19,book,76,7
2027-12-20,phone,17,8
2027-12-21,phone,64,8
2027-12-22,book,19,9
2027-12-23,laptop,63,4
2027-12-24,pen,28,5
2027-12-25,phone,48,7
2027-12-26,phone,19,9
2027-12-27,mouse,22,8
2027-12-28,book,36,7
2027-12-29,pen,99,9
2027-12-30,mouse,84,2
2027-12-31,phone,10,9
2028-01-01,phone,44,9
2028-01-02,pen,50,5
2028-01-03,mouse,53,1
2028-01-04,laptop,23,7
2028-01-05,phone,97,9
2028-01-06,pen,45,8
2028-01-07,mouse,90,3
2028-01-08,laptop,60,6
2028-01-09,phone,71,2
2028-01-10,pen,57,4
2028-01-11,mouse,52,8
2028-01-12,pen,58,1
2028-01-13,pen,63,6
2028-01-14,pen,64,6
2028-01-15,laptop,61,9
2028-01-16,mouse,37,6
2028-01-17,laptop,18,3
2028-01-18,laptop,15,8
2028-01-19,mouse,55,2
2028-01-20,phone,14,9
2028-01-21,pen,55,8
2028-01-22,laptop,15,4
2028-01-23,phone,29,9
2028-01-24,pen,20,8
2028-01-25,phone,88,6
2028-01-26,phone,46,3
2028-01-27,phone,76,1
2028-01-28,laptop,66,8
2028-01-29,book,34,8
2028-01-30,book,21,3
2028-01-31,mouse,83,4
2028-02-01,book,37,5
2028-02-02,book,20,6
2028-02-03,mouse,20,2
2028-02-04,book,30,2
2028-02-05,laptop,95,4
2028-02-06,mouse,31,2
2028-02-07,book,88,6
2028-02-08,phone,57,8
2028-02-09,phone,37,1
2028-02-10,pen,97,9
2028-02-11,phone,39,1
2028-02-12,phone,34,3
2028-02-13,book,28,8
2028-02-14,mouse,21,5
2028-02-15,laptop,40,3
2028-02-16,book,58,3
2028-02-17,laptop,78,2
2028-02-18,book,94,7
2028-02-19,laptop,22,5
2028-02-20,pen,68,6
2028-02-21,pen,64,6
2028-02-22,book,52,1
2028-02-23,laptop,64,6
2028-02-24,laptop,54,3
2028-02-25,laptop,35,6
2028-02-26,phone,21,2
2028-02-27,laptop,45,7
2028-02-28,mouse,31,2
2028-02-29,laptop,86,3
2028-03-01,mouse,12,7
2028-03-02,pen,97,2
2028-03-03,pen,35,6
2028-03-04,pen,83,7
2028-03-05,pen,49,2
2028-03-06,laptop,47,6
2028-03-07,phone,88,8
2028-03-08,mouse,14,7
2028-03-09,laptop,18,3
2028-03-10,mouse,71,2
2028-03-11,laptop,57,6
2028-03-12,pen,90,8
2028-03-13,laptop,16,6
2028-03-14,laptop,72,4
2028-03-15,mouse,76,1
2028-03-16,pen,40,7
2028-03-17,mouse,18,4
2028-03-18,laptop,46,1
